Workbook

Sheet README
A1: The templates were generated using the FAIR eDNA checklist version of;
A2: FAIRe_checklist_v1.0.2.xlsx
A4: Date/Time generated;
A5: 2025-07-02T11:34:09+08:00
A7: Note: This template includes all data components and terms from the FAIR eDNA checklist, encompassing sections for both targeted assays and metabarcoding assay types.
A9: Requirement levels;
A10: M = Mandatory
A11: HR = Highly recommended
A12: R = Recommended
A13: O = Optional

Sheet projectMetadata
A1: requirement_level_code | B1: section | C1: term_name | D1: project_level
A2: M | B2: Project | C2: recordedBy | D2: C Cowgill
A3: R | B3: Project | C3: recordedByID | D3: https://orcid.org/0009-0005-1382-998X
A4: M | B4: Project | C4: project_contact | D4: c.cowgill@ucl.ac.uk
A5: R | B5: Project | C5: institution | D5: University of Hull
A6: R | B6: Project | C6: institutionID | D6: https://www.hull.ac.uk/
A7: R | B7: Project | C7: project_name | D7: Dundreggan functional diversity chronosequence
A8: M | B8: Project | C8: project_id | D8: CROP_2024
A9: O | B9: Project | C9: parent_project_id | D9: CCowgill_PhD
A10: O | B10: Project | C10: study_factor | D10: Species reintroduction | Integrating eDNA with cameras | eDNA detectability modelling
A11: M | B11: Project | C11: assay_type | D11: metabarcoding
A12: HR | B12: Project | C12: sterilise_method | D12: Sampling bottles were soaked in 10% bleach, then 5% lipsol, then double rinsed with sterilised water. Sample bottles were only handled with single use nitrile gloves and stored in a sterilised coolbag (wiped down with 10% bleach) during fieldwork.
... A15: M | B15: Data management | C15: checkls_ver | D15: 1.0.2
A16: R | B16: Data management | C16: mod_date | D16: 46145
A17: R | B17: Data management | C17: license
A18: R | B18: Data management | C18: rightsHolder | D18: University of Hull
A19: R | B19: Data management | C19: accessRights | D19: CC-BY 4.0
A20: O | B20: Data management | C20: informationWithheld
A21: O | B21: Data management | C21: dataGeneralizations
A22: R | B22: Data management | C22: bibliographicCitation
A23: O | B23: Data management | C23: associated_resource
A24: R | B24: Data management | C24: code_repo | D24: https://github.com/clarecowgill/Beaver-Otter-Detectability-eDNA-and-cameras
A25: R | B25: Sample collection | C25: biological_rep | D25: 10 (monthly analysis), 13 (spatial analysis)
A26: M | B26: PCR | C26: pcr_0_1 | D26: 1
A27: O | B27: PCR | C27: inhibition_check_0_1 | D27: 1
A28: O | B28: PCR | C28: inhibition_check | D28: All samples visually checked for inhibition with gel electrophoresis. Where inhibition was suspected, PCR was repeated with samples diluted with a 1:10 dilution.
A29: O | B29: PCR | C29: thermocycler | D29: Applied BiosystemsTM VeritiTM Thermal Cycler (Fisher Scientific, UK)
A30: M | B30: PCR | C30: assay_name | D30: 12S-V5
A31: R | B31: PCR | C31: assay_validation | D31: In-silico validation via a curated UK vertebrate 12S reference database and stringent BLAST assignment. In-situ validation using negative controls and species-specific LOD thresholds (mean + 3 SD), with additional filtering of low-abundance reads and removal of non-target/contaminant taxa.
A32: M | B32: PCR | C32: targetTaxonomicAssay | D32: vertebrates
A33: R | B33: PCR | C33: targetTaxonomicScope | D33: vertebrates
A34: HR | B34: PCR | C34: target_gene | D34: 12S rRNA (SSU mitochondria)
A35: O | B35: PCR | C35: target_subfragment | D35: V5
A36: HR | B36: PCR | C36: ampliconSize | D36: 106
A37: M | B37: PCR | C37: pcr_primer_forward | D37: ACTGGGATTAGATACCCC
A38: M | B38: PCR | C38: pcr_primer_reverse | D38: TAGAACAGGCTCCTCTAG
A39: R | B39: PCR | C39: pcr_primer_name_forward | D39: 12S-V5-F
A40: R | B40: PCR | C40: pcr_primer_name_reverse | D40: 12S-V5-R
A41: HR | B41: PCR | C41: pcr_primer_reference_forward | D41: 10.1093/nar/gkr732
A42: HR | B42: PCR | C42: pcr_primer_reference_reverse | D42: 10.1093/nar/gkr732
A43: R | B43: PCR | C43: pcr_primer_vol_forward | D43: 2
A44: R | B44: PCR | C44: pcr_primer_vol_reverse | D44: 2
A45: R | B45: PCR | C45: pcr_primer_conc_forward | D45: 10
A46: R | B46: PCR | C46: pcr_primer_conc_reverse | D46: 10
A47: HR | B47: PCR | C47: probeReporter
A48: HR | B48: PCR | C48: probeQuencher
A49: HR | B49: PCR | C49: probe_seq
A50: HR | B50: PCR | C50: probe_ref
A51: HR | B51: PCR | C51: probe_conc
A52: HR | B52: PCR | C52: commercial_mm | D52: Q5 High-Fidelity DNA polymerase (New England Biolabs)
A53: HR | B53: PCR | C53: custom_mm
A54: O | B54: PCR | C54: block_seq
A55: O | B55: PCR | C55: block_ref
A56: O | B56: PCR | C56: block_taxa
A57: R | B57: PCR | C57: amplificationReactionVolume | D57: 25
A58: HR | B58: PCR | C58: pcr_dna_vol | D58: 2
A59: HR | B59: PCR | C59: pcr_rep | D59: 3
A60: R | B60: PCR | C60: nucl_acid_amp | D60: https://www.protocols.io/view/multi-tool-monitoring-edna-sample-collection-and-p-eq2lyqm8mvx9/v1?step=22
A61: HR | B61: PCR | C61: pcr_cond | D61: initial denaturation:98_5;annealing:58_0.33;elongation:72_0.5;final elongation:72_7;35
A62: HR | B62: PCR | C62: annealingTemp | D62: 58
A63: HR | B63: PCR | C63: pcr_cycles | D63: 35
A64: O | B64: PCR | C64: pcr_analysis_software
A65: O | B65: PCR | C65: pcr_method_additional
A66: M | B66: Targeted assay detection | C66: amp_vis_method
A67: M | B67: Targeted assay detection | C67: detection_criteria
A68: R | B68: Targeted assay detection | C68: lod_method
A69: R | B69: Targeted assay detection | C69: pcr_assay_lod_techreps
A70: M | B70: Targeted assay detection | C70: pcr_assay_lod
A71: M | B71: Targeted assay detection | C71: pcr_assay_lod_unit
A72: R | B72: Targeted assay detection | C72: pcr_assay_lod_UL
A73: R | B73: Targeted assay detection | C73: pcr_assay_lod_LL
A74: R | B74: Targeted assay detection | C74: loq_method
A75: R | B75: Targeted assay detection | C75: pcr_assay_loq_techreps
... A87: O | B87: Targeted assay detection | C87: targeted_detection_method_additional
A88: HR | B88: Library preparation sequencing | C88: barcoding_pcr_appr | D88: two-step PCR
A89: O | B89: Library preparation sequencing | C89: pcr2_thermocycler | D89: Applied BiosystemsTM VeritiTM Thermal Cycler (Fisher Scientific, UK)
A90: O | B90: Library preparation sequencing | C90: pcr2_amplificationReactionVolume | D90: 50
A91: R | B91: Library preparation sequencing | C91: pcr2_commercial_mm | D91: Q5 High-Fidelity DNA polymerase (New England Biolabs)
A92: R | B92: Library preparation sequencing | C92: pcr2_custom_mm
A93: R | B93: Library preparation sequencing | C93: pcr2_dna_vol | D93: 4
A94: R | B94: Library preparation sequencing | C94: pcr2_cond | D94: initial denaturation:95_3;annealing:72_1;elongation:72_1;final elongation:72_5;10
A95: R | B95: Library preparation sequencing | C95: pcr2_annealingTemp | D95: 72
A96: R | B96: Library preparation sequencing | C96: pcr2_cycles | D96: 10
A97: O | B97: Library preparation sequencing | C97: pcr2_analysis_software
A98: R | B98: Library preparation sequencing | C98: pcr2_plate_id | D98: Library-tagged PCR2
A99: O | B99: Library preparation sequencing | C99: pcr2_method_additional
A100: O | B100: Library preparation sequencing | C100: sequencing_location | D100: University of Hull
A101: HR | B101: Library preparation sequencing | C101: platform | D101: ILLUMINA
A102: HR | B102: Library preparation sequencing | C102: instrument
A103: HR | B103: Library preparation sequencing | C103: seq_kit | D103: Illumina MiSeq v3 300
A104: R | B104: Library preparation sequencing | C104: lib_layout | D104: paired end
A105: R | B105: Library preparation sequencing | C105: adapter_forward | D105: Illumina adapter added in PCR2 (see library preparation)
A106: R | B106: Library preparation sequencing | C106: adapter_reverse | D106: Illumina adapter added in PCR2 (see library preparation)
A107: HR | B107: Library preparation sequencing | C107: lib_screen | D107: Amplicons were purified using double-size magnetic bead clean-ups (Mag-BIND RznPure Plus; 0.9x/0.15x and 0.7x/0.15x). Sub-libraries were pooled based on gel band intensity. Libraries were quantified using Qubit and qPCR, pooled in equimolar concentrations, diluted to 4 nM.
A108: R | B108: Library preparation sequencing | C108: checksum_method
A109: O | B109: Library preparation sequencing | C109: seq_method_additional | D109: 10% PhiX spike-in.
A110: R | B110: Bioinformatics | C110: sop_bioinformatics | D110: https://github.com/EvoHull/Tapirs, https://www.protocols.io/view/multi-tool-monitoring-edna-sample-collection-and-p-eq2lyqm8mvx9/v1?step=24
A111: R | B111: Bioinformatics | C111: trim_method | D111: fastp
A112: R | B112: Bioinformatics | C112: trim_param | D112: 5 bp sliding window; minimum Phred score Q30 across ≥60% of read; first 18 bp removed from forward and reverse reads; length filtering 90–110 bp
A113: R | B113: Bioinformatics | C113: demux_tool | D113: TAPIRS
...

Sheet Drop-down values
A1: term_name | B1: term_type | C1: vocab_options | D1: n_options | E1: vocab1 | F1: vocab2 | G1: vocab3 | H1: vocab4 | I1: vocab5 | J1: vocab6 | K1: vocab7 | L1: vocab8 | M1: vocab9 | N1: vocab10 | O1: vocab11 | P1: vocab12 | Q1: vocab13 | R1: vocab14 | S1: vocab15 | T1: vocab16 | U1: vocab17 | V1: vocab18 | W1: vocab19 | X1: vocab20 | Y1: vocab21 | Z1: vocab22 | AA1: vocab23 | AB1: vocab24 | AC1: vocab25 | AD1: vocab26 | AE1: vocab27 | AF1: vocab28 | AG1: vocab29
A2: assay_type | B2: controlled vocabulary | C2: targeted | metabarcoding | other: | D2: 3 | E2: targeted | F2: metabarcoding | G2: other:
A3: neg_cont_0_1 | B3: Boolean | C3: 0 | 1 | D3: 2 | E3: 0 | F3: 1
A4: pos_cont_0_1 | B4: Boolean | C4: 0 | 1 | D4: 2 | E4: 0 | F4: 1
A5: samp_category | B5: controlled vocabulary | C5: sample | negative control | positive control | PCR standard | other: | D5: 5 | E5: sample | F5: negative control | G5: positive control | H5: PCR standard | I5: other:
A6: neg_cont_type | B6: controlled vocabulary | C6: site negative | field negative | process negative | extraction negative | PCR negative | other: | D6: 6 | E6: site negative | F6: field negative | G6: process negative | H6: extraction negative | I6: PCR negative | J6: other:
A7: verbatimCoordinateSystem | B7: controlled vocabulary | C7: decimal degrees | degrees minutes seconds | UTM | other: | D7: 4 | E7: decimal degrees | F7: degrees minutes seconds | G7: UTM | H7: other:
A8: verbatimSRS | B8: controlled vocabulary | C8: WGS84 | NAD84 | NAD27 | GDA94 | GDA2020 | ETRS89 | JGD2000 | other: | D8: 8 | E8: WGS84 | F8: NAD84 | G8: NAD27 | H8: GDA94 | I8: GDA2020 | J8: ETRS89 | K8: JGD2000 | L8: other:
A9: habitat_natural_artificial_0_1 | B9: Boolean | C9: 0 | 1 | D9: 2 | E9: 0 | F9: 1
A10: samp_size_unit | B10: controlled vocabulary | C10: mL | L | mg | g | kg | cm2 | m2 | cm3 | m3 | other: | D10: 10 | E10: mL | F10: L | G10: mg | H10: g | I10: kg | J10: cm2 | K10: m2 | L10: cm3 | M10: m3 | N10: other:
A11: samp_store_sol | B11: controlled vocabulary | C11: ethanol | sodium acetate | longmire | lysis buffer | none | other: | D11: 6 | E11: ethanol | F11: sodium acetate | G11: longmire | H11: lysis buffer | I11: none | J11: other:
A12: filter_passive_active_0_1 | B12: Boolean | C12: 0 | 1 | D12: 2 | E12: 0 | F12: 1
A13: pump_flow_rate_unit | B13: controlled vocabulary | C13: m3/s | m3/min | m3/h | L/s | L/min | L/h | other: | D13: 7 | E13: m3/s | F13: m3/min | G13: m3/h | H13: L/s | I13: L/min | J13: L/h | K13: other:
A14: filter_material | B14: controlled vocabulary | C14: cellulose | cellulose ester | glass fiber | thermoplastic membrane | track etched polycarbonate | nylon | polyethersulfone| other: | D14: 8 | E14: cellulose | F14: cellulose ester | G14: glass fiber | H14: thermoplastic membrane | I14: track etched polycarbonate | J14: nylon | K14: polyethersulfone | L14: other:
A15: precip_chem_prep | B15: controlled vocabulary | C15: ethanol | isopropanol | sodium chloride | other: | D15: 4 | E15: ethanol | F15: isopropanol | G15: sodium chloride | H15: other:
A16: prepped_samp_store_sol | B16: controlled vocabulary | C16: ethanol | sodium acetate | longmire | lysis buffer | none | other: | D16: 6 | E16: ethanol | F16: sodium acetate | G16: longmire | H16: lysis buffer | I16: none | J16: other:
A17: samp_vol_we_dna_ext_unit | B17: controlled vocabulary | C17: mL | L | mg | g | kg | cm2 | m2 | cm3 | m3 | other: | D17: 10 | E17: mL | F17: L | G17: mg | H17: g | I17: kg | J17: cm2 | K17: m2 | L17: cm3 | M17: m3 | N17: other:
A18: nucl_acid_ext_lysis | B18: controlled vocabulary | C18: physical | chemical | enzymatic | thermal | osmotic | other: | D18: 6 | E18: physical | F18: chemical | G18: enzymatic | H18: thermal | I18: osmotic | J18: other:
A19: nucl_acid_ext_sep | B19: controlled vocabulary | C19: column-based | magnetic beads | centrifugation | precipitation | phenol chloroform | gel electrophoresis | other: | D19: 7 | E19: column-based | F19: magnetic beads | G19: centrifugation | H19: precipitation | I19: phenol chloroform | J19: gel electrophoresis | K19: other:
A20: dna_cleanup_0_1 | B20: Boolean | C20: 0 | 1 | D20: 2 | E20: 0 | F20: 1
A21: concentration_unit | B21: controlled vocabulary | C21: ng/µl | copies/µl | other: | D21: 3 | E21: ng/µl | F21: copies/µl | G21: other:
A22: pcr_0_1 | B22: Boolean | C22: 0 | 1 | D22: 2 | E22: 0 | F22: 1
A23: inhibition_check_0_1 | B23: Boolean | C23: 0 | 1 | D23: 2 | E23: 0 | F23: 1
A24: target_gene | B24: controlled vocabulary | C24: 12S rRNA (SSU mitochondria) | 16S rRNA (LSU mitochondria) | 16S rRNA (SSU prokaryote) | 23S rRNA (LSU prokaryote) | 18S rRNA (SSU eukaryote) | 28S rRNA (LSU eukaryote) | rbcL | CytB | COI | COII | COIII | nifH | ITS | ND1 | ND2 | ND3 | ND4 | ND5 | ND6 | amoA | rpoB | rpoC1 | rpoC2 | matK | trnH | trnL | psbK | D-loop | other: | D24: 29 | E24: 12S rRNA (SSU mitochondria) | F24: 16S rRNA (LSU mitochondria) | G24: 16S rRNA (SSU prokaryote) | H24: 23S rRNA (LSU prokaryote) | I24: 18S rRNA (SSU eukaryote) | J24: 28S rRNA (LSU eukaryote) | K24: rbcL | L24: CytB | M24: COI | N24: COII | O24: COIII | P24: nifH | Q24: ITS | R24: ND1 | S24: ND2 | T24: ND3 | U24: ND4 | V24: ND5 | W24: ND6 | X24: amoA | Y24: rpoB | Z24: rpoC1 | AA24: rpoC2 | AB24: matK | AC24: trnH | AD24: trnL | AE24: psbK | AF24: D-loop | AG24: other:
A25: probeQuencher | B25: controlled vocabulary | C25: Zero-End Quencher (ZEN) | TAMRA | lowa Black | Minor Groove Binder (MGB) | Black Hole Quencher (BHQ) | other: | D25: 6 | E25: Zero-End Quencher (ZEN) | F25: TAMRA | G25: lowa Black | H25: Minor Groove Binder (MGB) | I25: Black Hole Quencher (BHQ) | J25: other:
A26: amp_vis_method | B26: controlled vocabulary | C26: qPCR | dPCR | gel electrophoresis | CE-PCR | LAMP | other: | D26: 6 | E26: qPCR | F26: dPCR | G26: gel electrophoresis | H26: CE-PCR | I26: LAMP | J26: other:
A27: pcr_assay_lod_unit | B27: controlled vocabulary | C27: copies/reaction | copies/µL | ng/reaction | ng/µL | other: | D27: 5 | E27: copies/reaction | F27: copies/µL | G27: ng/reaction | H27: ng/µL | I27: other:
A28: pcr_assay_loq_unit | B28: controlled vocabulary | C28: copies/reaction | copies/µL | ng/reaction | ng/µL | other: | D28: 5 | E28: copies/reaction | F28: copies/µL | G28: ng/reaction | H28: ng/µL | I28: other:
A29: std_type | B29: controlled vocabulary | C29: synthetic double-stranded DNA | plasmid | amplicon | gDNA | other: | D29: 5 | E29: synthetic double-stranded DNA | F29: plasmid | G29: amplicon | H29: gDNA | I29: other:
A30: automaticThresholdQuantificationCycle | B30: Boolean | C30: 0 | 1 | D30: 2 | E30: 0 | F30: 1
A31: automaticBaselineValue | B31: Boolean | C31: 0 | 1 | D31: 2 | E31: 0 | F31: 1
A32: std_conc_unit | B32: controlled vocabulary | C32: copies/reaction | copies/µL of DNA extract | copies/µL of reaction | ng/reaction | ng/µL of DNA extract | ng/µL of reaction | other: | D32: 7 | E32: copies/reaction | F32: copies/µL of DNA extract | G32: copies/µL of reaction | H32: ng/reaction | I32: ng/µL of DNA extract | J32: ng/µL of reaction | K32: other:
A33: estimatedNumberOfCopies_method | B33: controlled vocabulary | C33: Ct/Cq with standard curve | Ct/Cq with standard bionomial data | direct output from the PCR instrument used | gel fluorescence intensities | other: | D33: 5 | E33: Ct/Cq with standard curve | F33: Ct/Cq with standard bionomial data | G33: direct output from the PCR instrument used | H33: gel fluorescence intensities | I33: other:
A34: estimatedNumberOfCopies_unit | B34: controlled vocabulary | C34: copies/reaction | copies/µL of DNA extract | copies/µL of reaction | ng/reaction | ng/µL of DNA extract | ng/µL of reaction | other: | D34: 7 | E34: copies/reaction | F34: copies/µL of DNA extract | G34: copies/µL of reaction | H34: ng/reaction | I34: ng/µL of DNA extract | J34: ng/µL of reaction | K34: other:
A35: estimatedNumberOfCopies_error_type | B35: controlled vocabulary | C35: standard error | standard deviation | 95% confidence interval | other: | D35: 4 | E35: standard error | F35: standard deviation | G35: 95% confidence interval | H35: other:
A36: detected_notDetected | B36: Boolean | C36: 0 | 1 | D36: 2 | E36: 0 | F36: 1
A37: barcoding_pcr_appr | B37: controlled vocabulary | C37: one-step PCR | two-step PCR | ligation-based | other: | D37: 4 | E37: one-step PCR | F37: two-step PCR | G37: ligation-based | H37: other:
A38: platform | B38: controlled vocabulary | C38: ILLUMINA | BGISEQ | CAPILLARY | DNBSEQ | ELEMENT | GENAPSYS | GENEMIND | HELICOS | ION_TORRENT | LS454 | OXFORD_NANOPORE | PACBIO_SMRT | TAPESTRI | VELA_DIAGNOSTICS | ULTIMA | other: | D38: 16 | E38: ILLUMINA | F38: BGISEQ | G38: CAPILLARY | H38: DNBSEQ | I38: ELEMENT | J38: GENAPSYS | K38: GENEMIND | L38: HELICOS | M38: ION_TORRENT | N38: LS454 | O38: OXFORD_NANOPORE | P38: PACBIO_SMRT | Q38: TAPESTRI | R38: VELA_DIAGNOSTICS | S38: ULTIMA | T38: other:
A39: lib_layout | B39: controlled vocabulary | C39: paired end | single end | other: | D39: 3 | E39: paired end | F39: single end | G39: other:
A40: lib_conc_unit | B40: controlled vocabulary | C40: ng/µL | nM | pM | other: | D40: 4 | E40: ng/µL | F40: nM | G40: pM | H40: other:
A41: checksum_method | B41: controlled vocabulary | C41: MD5 | SHA-256 | CRC-32 | other: | D41: 4 | E41: MD5 | F41: SHA-256 | G41: CRC-32 | H41: other:
A42: error_rate_type | B42: controlled vocabulary | C42: Phred score | expected error rate | other: | D42: 3 | E42: Phred score | F42: expected error rate | G42: other:
A43: min_reads_cutoff_unit | B43: controlled vocabulary | C43: reads | % | other: | D43: 3 | E43: reads | F43: % | G43: other:
A44: tax_assign_cat | B44: controlled vocabulary | C44: sequence similarity | sequence composition | phylogeny | probabilistic | other: | D44: 5 | E44: sequence similarity | F44: sequence composition | G44: phylogeny | H44: probabilistic | I44: other:
A45: taxonRank | B45: controlled vocabulary | C45: kingdom | phylum | class | order | family | genus | species | other: | D45: 8 | E45: kingdom | F45: phylum | G45: class | H45: order | I45: family | J45: genus | K45: species | L45: other:
A46: host_tot_mass_unit | B46: controlled vocabulary | C46: mg | g | kg | other: | D46: 4 | E46: mg | F46: g | G46: kg | H46: other:
A47: host_height_unit | B47: controlled vocabulary | C47: mm | cm | m | other: | D47: 4 | E47: mm | F47: cm | G47: m | H47: other:
A48: host_length_unit | B48: controlled vocabulary | C48: mm | cm | m | other: | D48: 4 | E48: mm | F48: cm | G48: m | H48: other:
A49: diss_inorg_carb_unit | B49: controlled vocabulary | C49: µM | mol/m3 | mmol/m3 | µmol/m3 | mol/L | mmol/L | µmol/L | mg/L | µg/L | µmol/kg | mmol/kg | parts per million | other: | D49: 13 | E49: µM | F49: mol/m3 | G49: mmol/m3 | H49: µmol/m3 | I49: mol/L | J49: mmol/L | K49: µmol/L | L49: mg/L | M49: µg/L | N49: µmol/kg | O49: mmol/kg | P49: parts per million | Q49: other:
A50: diss_inorg_nitro_unit | B50: controlled vocabulary | C50: µM | mol/m3 | mmol/m3 | µmol/m3 | mol/L | mmol/L | µmol/L | mg/L | µg/L | µmol/kg | mmol/kg | parts per million | other: | D50: 13 | E50: µM | F50: mol/m3 | G50: mmol/m3 | H50: µmol/m3 | I50: mol/L | J50: mmol/L | K50: µmol/L | L50: mg/L | M50: µg/L | N50: µmol/kg | O50: mmol/kg | P50: parts per million | Q50: other:
A51: diss_org_carb_unit | B51: controlled vocabulary | C51: µM | mol/m3 | mmol/m3 | µmol/m3 | mol/L | mmol/L | µmol/L | mg/L | µg/L | µmol/kg | mmol/kg | parts per million | other: | D51: 13 | E51: µM | F51: mol/m3 | G51: mmol/m3 | H51: µmol/m3 | I51: mol/L | J51: mmol/L | K51: µmol/L | L51: mg/L | M51: µg/L | N51: µmol/kg | O51: mmol/kg | P51: parts per million | Q51: other:
A52: diss_org_nitro_unit | B52: controlled vocabulary | C52: µM | mol/m3 | mmol/m3 | µmol/m3 | mol/L | mmol/L | µmol/L | mg/L | µg/L | µmol/kg | mmol/kg | parts per million | other: | D52: 13 | E52: µM | F52: mol/m3 | G52: mmol/m3 | H52: µmol/m3 | I52: mol/L | J52: mmol/L | K52: µmol/L | L52: mg/L | M52: µg/L | N52: µmol/kg | O52: mmol/kg | P52: parts per million | Q52: other:
A53: diss_oxygen_unit | B53: controlled vocabulary | C53: mg/L | µg/L | µM | mol/m3 | mmol/m3 | µmol/m3 | mol/L | mmol/L | µmol/L | mg/L | µg/L | mL/L | mmol/kg | parts per million | other: | D53: 15 | E53: mg/L | F53: µg/L | G53: µM | H53: mol/m3 | I53: mmol/m3 | J53: µmol/m3 | K53: mol/L | L53: mmol/L | M53: µmol/L | N53: mg/L | O53: µg/L | P53: mL/L | Q53: mmol/kg | R53: parts per million | S53: other:
A54: tot_diss_nitro_unit | B54: controlled vocabulary | C54: µM | mol/m3 | mmol/m3 | µmol/m3 | mol/L | mmol/L | µmol/L | mg/L | µg/L | µmol/kg | mmol/kg | parts per million | other: | D54: 13 | E54: µM | F54: mol/m3 | G54: mmol/m3 | H54: µmol/m3 | I54: mol/L | J54: mmol/L | K54: µmol/L | L54: mg/L | M54: µg/L | N54: µmol/kg | O54: mmol/kg | P54: parts per million | Q54: other:
A55: tot_inorg_nitro_unit | B55: controlled vocabulary | C55: µM | mol/m3 | mmol/m3 | µmol/m3 | mol/L | mmol/L | µmol/L | mg/L | µg/L | µmol/kg | mmol/kg | parts per million | other: | D55: 13 | E55: µM | F55: mol/m3 | G55: mmol/m3 | H55: µmol/m3 | I55: mol/L | J55: mmol/L | K55: µmol/L | L55: mg/L | M55: µg/L | N55: µmol/kg | O55: mmol/kg | P55: parts per million | Q55: other:
A56: tot_nitro_unit | B56: controlled vocabulary | C56: µM | mol/m3 | mmol/m3 | µmol/m3 | mol/L | mmol/L | µmol/L | mg/L | µg/L | µmol/kg | mmol/kg | parts per million | other: | D56: 13 | E56: µM | F56: mol/m3 | G56: mmol/m3 | H56: µmol/m3 | I56: mol/L | J56: mmol/L | K56: µmol/L | L56: mg/L | M56: µg/L | N56: µmol/kg | O56: mmol/kg | P56: parts per million | Q56: other:
A57: tot_part_carb_unit | B57: controlled vocabulary | C57: µM | mol/m3 | mmol/m3 | µmol/m3 | mol/L | mmol/L | µmol/L | mg/L | µg/L | µmol/kg | mmol/kg | parts per million | other: | D57: 13 | E57: µM | F57: mol/m3 | G57: mmol/m3 | H57: µmol/m3 | I57: mol/L | J57: mmol/L | K57: µmol/L | L57: mg/L | M57: µg/L | N57: µmol/kg | O57: mmol/kg | P57: parts per million | Q57: other:
A58: tot_org_carb_unit | B58: controlled vocabulary | C58: µM | mol/m3 | mmol/m3 | µmol/m3 | mol/L | mmol/L | µmol/L | mg/L | µg/L | µmol/kg | mmol/kg | parts per million | other: | D58: 13 | E58: µM | F58: mol/m3 | G58: mmol/m3 | H58: µmol/m3 | I58: mol/L | J58: mmol/L | K58: µmol/L | L58: mg/L | M58: µg/L | N58: µmol/kg | O58: mmol/kg | P58: parts per million | Q58: other:
A59: tot_nitro_content_unit | B59: controlled vocabulary | C59: µM | mol/m3 | mmol/m3 | µmol/m3 | mol/L | mmol/L | µmol/L | mg/L | µg/L | µmol/kg | mmol/kg | parts per million | other: | D59: 13 | E59: µM | F59: mol/m3 | G59: mmol/m3 | H59: µmol/m3 | I59: mol/L | J59: mmol/L | K59: µmol/L | L59: mg/L | M59: µg/L | N59: µmol/kg | O59: mmol/kg | P59: parts per million | Q59: other:
A60: tot_carb_unit | B60: controlled vocabulary | C60: µM | mol/m3 | mmol/m3 | µmol/m3 | mol/L | mmol/L | µmol/L | mg/L | µg/L | µmol/kg | mmol/kg | parts per million | other: | D60: 13 | E60: µM | F60: mol/m3 | G60: mmol/m3 | H60: µmol/m3 | I60: mol/L | J60: mmol/L | K60: µmol/L | L60: mg/L | M60: µg/L | N60: µmol/kg | O60: mmol/kg | P60: parts per million | Q60: other:
A61: part_org_carb_unit | B61: controlled vocabulary | C61: µM | mol/m3 | mmol/m3 | µmol/m3 | mol/L | mmol/L | µmol/L | mg/L | µg/L | µmol/kg | mmol/kg | parts per million | other: | D61: 13 | E61: µM | F61: mol/m3 | G61: mmol/m3 | H61: µmol/m3 | I61: mol/L | J61: mmol/L | K61: µmol/L | L61: mg/L | M61: µg/L | N61: µmol/kg | O61: mmol/kg | P61: parts per million | Q61: other:
A62: part_org_nitro_unit | B62: controlled vocabulary | C62: µM | mol/m3 | mmol/m3 | µmol/m3 | mol/L | mmol/L | µmol/L | mg/L | µg/L | µmol/kg | mmol/kg | parts per million | other: | D62: 13 | E62: µM | F62: mol/m3 | G62: mmol/m3 | H62: µmol/m3 | I62: mol/L | J62: mmol/L | K62: µmol/L | L62: mg/L | M62: µg/L | N62: µmol/kg | O62: mmol/kg | P62: parts per million | Q62: other:
A63: nitrate_unit | B63: controlled vocabulary | C63: µM | mol/m3 | mmol/m3 | µmol/m3 | mol/L | mmol/L | µmol/L | mg/L | µg/L | µmol/kg | mmol/kg | parts per million | other: | D63: 13 | E63: µM | F63: mol/m3 | G63: mmol/m3 | H63: µmol/m3 | I63: mol/L | J63: mmol/L | K63: µmol/L | L63: mg/L | M63: µg/L | N63: µmol/kg | O63: mmol/kg | P63: parts per million | Q63: other:
A64: nitrite_unit | B64: controlled vocabulary | C64: µM | mol/m3 | mmol/m3 | µmol/m3 | mol/L | mmol/L | µmol/L | mg/L | µg/L | µmol/kg | mmol/kg | parts per million | other: | D64: 13 | E64: µM | F64: mol/m3 | G64: mmol/m3 | H64: µmol/m3 | I64: mol/L | J64: mmol/L | K64: µmol/L | L64: mg/L | M64: µg/L | N64: µmol/kg | O64: mmol/kg | P64: parts per million | Q64: other:
A65: nitro_unit | B65: controlled vocabulary | C65: µM | mol/m3 | mmol/m3 | µmol/m3 | mol/L | mmol/L | µmol/L | mg/L | µg/L | µmol/kg | mmol/kg | parts per million | other: | D65: 13 | E65: µM | F65: mol/m3 | G65: mmol/m3 | H65: µmol/m3 | I65: mol/L | J65: mmol/L | K65: µmol/L | L65: mg/L | M65: µg/L | N65: µmol/kg | O65: mmol/kg | P65: parts per million | Q65: other:
... A68: org_nitro_unit | B68: controlled vocabulary | C68: µM | mol/m3 | mmol/m3 | µmol/m3 | mol/L | mmol/L | µmol/L | mg/L | µg/L | µmol/kg | mmol/kg | parts per million | other: | D68: 13 | E68: µM | F68: mol/m3 | G68: mmol/m3 | H68: µmol/m3 | I68: mol/L | J68: mmol/L | K68: µmol/L | L68: mg/L | M68: µg/L | N68: µmol/kg | O68: mmol/kg | P68: parts per million | Q68: other:

Sheet sampleMetadata
A1: # requirement_level_code | B1: M | C1: M | D1: M | E1: R | F1: O | G1: O | H1: R | I1: O | J1: M | K1: M | L1: O | M1: O | N1: O | O1: O | P1: M | Q1: M | R1: O | S1: O | T1: O | U1: M | V1: M | W1: M | X1: R | Y1: R | Z1: R | AA1: HR | AB1: HR | AC1: HR | AD1: HR | AE1: HR | AF1: O | AG1: O | AH1: O | AI1: R | AJ1: R | AK1: R | AL1: O | AM1: O | AN1: O | AO1: HR | AP1: HR | AQ1: R | AR1: R | AS1: HR | AT1: R | AU1: HR | AV1: HR | AW1: HR | AX1: HR | AY1: R | AZ1: R | BA1: R | BB1: O | BC1: O | BD1: HR | BE1: HR | BF1: R | BG1: R | BH1: HR | BI1: HR | BJ1: R | BK1: R | BL1: R | BM1: R | BN1: R | BO1: O | BP1: O | BQ1: R | BR1: O | BS1: M | BT1: M | BU1: O | BV1: R | BW1: R | BX1: R | BY1: O | BZ1: O | CA1: O | CB1: O | CC1: O | CD1: O | CE1: O | CF1: O | CG1: O | CH1: O | CI1: O | CJ1: O | CK1: O | CL1: O | CM1: O | CN1: O | CO1: O | CP1: O | CQ1: O | CR1: O | CS1: O | CT1: O | CU1: O | CV1: O | CW1: O | CX1: O | CY1: O | CZ1: O | DA1: O | DB1: O | DC1: O | DD1: O | DE1: O | DF1: O | DG1: O | DH1: O | DI1: O | DJ1: O | DK1: O | DL1: O | DM1: O | DN1: O | DO1: O | DP1: O | DQ1: O | DR1: O | DS1: O | DT1: O | DU1: O | DV1: O | DW1: O | DX1: O | DY1: O | DZ1: O | EA1: O | EB1: O | EC1: O | ED1: O | EE1: O | EF1: O | EG1: O | EH1: O | EI1: O | EJ1: O | EK1: O | EL1: O
A2: # section | B2: Sample information | C2: Sample information | D2: Sample information | E2: Sample relations | F2: Sample relations | G2: Sample relations | H2: Sample relations | I2: Sample relations | J2: Sample collection | K2: Sample collection | L2: Sample collection | M2: Sample collection | N2: Sample collection | O2: Sample collection | P2: Sample collection | Q2: Sample collection | R2: Sample collection | S2: Sample collection | T2: Sample collection | U2: Sample collection | V2: Sample collection | W2: Sample collection | X2: Sample collection | Y2: Sample collection | Z2: Sample collection | AA2: Sample collection | AB2: Sample collection | AC2: Sample storage | AD2: Sample storage | AE2: Sample storage | AF2: Sample storage | AG2: Sample storage | AH2: Sample storage | AI2: Sample preparation | AJ2: Sample preparation | AK2: Sample preparation | AL2: Sample preparation | AM2: Sample preparation | AN2: Sample preparation | AO2: Sample preparation | AP2: Sample preparation | AQ2: Sample preparation | AR2: Sample preparation | AS2: Sample preparation | AT2: Sample preparation | AU2: Sample preparation | AV2: Sample preparation | AW2: Sample preparation | AX2: Sample preparation | AY2: Sample preparation | AZ2: Sample preparation | BA2: Sample preparation | BB2: Sample preparation | BC2: Nucleic acid extraction | BD2: Nucleic acid extraction | BE2: Nucleic acid extraction | BF2: Nucleic acid extraction | BG2: Nucleic acid extraction | BH2: Nucleic acid extraction | BI2: Nucleic acid extraction | BJ2: Nucleic acid extraction | BK2: Nucleic acid extraction | BL2: Nucleic acid extraction | BM2: Nucleic acid extraction | BN2: Nucleic acid extraction | BO2: Nucleic acid extraction | BP2: Nucleic acid extraction | BQ2: Nucleic acid extraction | BR2: Nucleic acid extraction | BS2: PCR | BT2: Targeted assay detection | BU2: Environment | BV2: Environment | BW2: Environment | BX2: Environment | BY2: Environment | BZ2: Environment | CA2: Environment | CB2: Environment | CC2: Environment | CD2: Environment | CE2: Environment | CF2: Environment | CG2: Environment | CH2: Environment | CI2: Environment | CJ2: Environment | CK2: Environment | CL2: Environment | CM2: Environment | CN2: Environment | CO2: Environment | CP2: Environment | CQ2: Environment | CR2: Environment | CS2: Environment | CT2: Environment | CU2: Environment | CV2: Environment | CW2: Environment | CX2: Environment | CY2: Environment | CZ2: Environment | DA2: Environment | DB2: Environment | DC2: Environment | DD2: Environment | DE2: Environment | DF2: Environment | DG2: Environment | DH2: Environment | DI2: Environment | DJ2: Environment | DK2: Environment | DL2: Environment | DM2: Environment | DN2: Environment | DO2: Environment | DP2: Environment | DQ2: Environment | DR2: Environment | DS2: Environment | DT2: Environment | DU2: Environment | DV2: Environment | DW2: Environment | DX2: Environment | DY2: Environment | DZ2: Environment | EA2: Environment | EB2: Environment | EC2: Environment | ED2: Environment | EE2: Environment | EF2: Environment | EG2: Environment | EH2: Environment | EI2: Environment | EJ2: Environment | EK2: Environment | EL2: Environment
A3: samp_name | B3: samp_category | C3: neg_cont_type | D3: pos_cont_type | E3: materialSampleID | F3: sample_derived_from | G3: sample_composed_of | H3: rel_cont_id | I3: biological_rep_relation | J3: decimalLongitude | K3: decimalLatitude | L3: verbatimLongitude | M3: verbatimLatitude | N3: verbatimCoordinateSystem | O3: verbatimSRS | P3: geo_loc_name | Q3: eventDate | R3: eventDurationValue | S3: verbatimEventDate | T3: verbatimEventTime | U3: env_broad_scale | V3: env_local_scale | W3: env_medium | X3: habitat_natural_artificial_0_1 | Y3: samp_collect_method | Z3: samp_collect_device | AA3: samp_size | AB3: samp_size_unit | AC3: samp_store_temp | AD3: samp_store_sol | AE3: samp_store_dur | AF3: samp_store_loc | AG3: dna_store_loc | AH3: samp_store_method_additional | AI3: samp_mat_process | AJ3: filter_passive_active_0_1 | AK3: stationed_sample_dur | AL3: pump_flow_rate | AM3: pump_flow_rate_unit | AN3: prefilter_material | AO3: size_frac_low | AP3: size_frac | AQ3: filter_diameter | AR3: filter_surface_area | AS3: filter_material | AT3: filter_name | AU3: precip_chem_prep | AV3: precip_force_prep | AW3: precip_time_prep | AX3: precip_temp_prep | AY3: prepped_samp_store_temp | AZ3: prepped_samp_store_sol | BA3: prepped_samp_store_dur | BB3: prep_method_additional | BC3: date_ext | BD3: samp_vol_we_dna_ext | BE3: samp_vol_we_dna_ext_unit | BF3: nucl_acid_ext_lysis | BG3: nucl_acid_ext_sep | BH3: nucl_acid_ext | BI3: nucl_acid_ext_kit | BJ3: nucl_acid_ext_modify | BK3: dna_cleanup_0_1 | BL3: dna_cleanup_method | BM3: concentration | BN3: concentration_unit | BO3: concentration_method | BP3: ratioOfAbsorbance260_280 | BQ3: pool_dna_num | BR3: nucl_acid_ext_method_additional | BS3: assay_name | BT3: detected_notDetected | BU3: samp_weather | BV3: minimumDepthInMeters | BW3: maximumDepthInMeters | BX3: tot_depth_water_col | BY3: elev | BZ3: alt | CA3: temp | CB3: chlorophyll | CC3: light_intensity | CD3: ph | CE3: ph_meth | CF3: salinity | CG3: suspend_part_matter | CH3: tidal_stage | CI3: turbidity | CJ3: water_current | CK3: humidity | CL3: solar_irradiance | CM3: wind_direction | CN3: wind_speed | CO3: host_species | CP3: host_life_stage | CQ3: host_tot_mass | CR3: host_tot_mass_unit | CS3: host_height | CT3: host_height_unit | CU3: host_length | CV3: host_length_unit | CW3: diss_inorg_carb | CX3: diss_inorg_carb_unit | CY3: diss_inorg_nitro | CZ3: diss_inorg_nitro_unit | DA3: diss_org_carb | DB3: diss_org_carb_unit | DC3: diss_org_nitro | DD3: diss_org_nitro_unit | DE3: diss_oxygen | DF3: diss_oxygen_unit | DG3: tot_diss_nitro | DH3: tot_diss_nitro_unit | DI3: tot_inorg_nitro | DJ3: tot_inorg_nitro_unit | DK3: tot_nitro | DL3: tot_nitro_unit | DM3: tot_part_carb | DN3: tot_part_carb_unit | DO3: tot_org_carb | DP3: tot_org_carb_unit | DQ3: tot_org_c_meth | DR3: tot_nitro_content | DS3: tot_nitro_content_unit | DT3: tot_nitro_cont_meth | DU3: tot_carb | DV3: tot_carb_unit | DW3: part_org_carb | DX3: part_org_carb_unit | DY3: part_org_nitro | DZ3: part_org_nitro_unit | EA3: nitrate | EB3: nitrate_unit | EC3: nitrite | ED3: nitrite_unit | EE3: nitro | EF3: nitro_unit | EG3: org_carb | EH3: org_carb_unit | EI3: org_matter | EJ3: org_matter_unit | EK3: org_nitro | EL3: org_nitro_unit
A4: 0101 | B4: sample | E4: =_xlfn.CONCAT(projectMetadata!$D$8,"_",sampleMetadata!A4) -> CROP_2024_0101 | F4: =LEFT(A4,9) -> 0101 | G4: =F4 -> 0101 | H4: CROP_01EB, CROP_01FB, NEG01, POS01 | J4: -0.81100264 | K4: 54.305806 | P4: United Kingdom, Cropton | Q4: 45306.611 | R4: PT2M | U4: freshwater wetland ecosystem [ENVO_00000243] | V4: shrub layer [ENVO:01000336] | W4: fresh water [ENVO:00002011] | X4: 0 | Y4: Water sample (2L bottle dippled into small stream in 3 distinct areas within 3m of the point) | Z4: water bottle | AA4: 2000 | AB4: mL | AC4: 10 | AD4: none | AE4: PT3H | AP4: 0.45 | AS4: cellulose ester | AT4: Whatman | AY4: -18 | BF4: enzymatic | BG4: column-based | BH4: https://mbmg.pensoft.net/article/24556/ | BI4: Mu DNA | BJ4: https://mbmg.pensoft.net/article/24556/ | BK4: 0 | BQ4: 1 | BS4: 12S-V5
A5: 0102 | B5: sample | E5: =_xlfn.CONCAT(projectMetadata!$D$8,"_",sampleMetadata!A5) -> CROP_2024_0102 | F5: =LEFT(A5,9) -> 0102 | G5: =F5 -> 0102 | H5: CROP_01EB, CROP_01FB, NEG01, POS01 | J5: -0.80960976 | K5: 54.306325 | P5: United Kingdom, Cropton | Q5: 45306.601 | R5: PT2M | U5: freshwater wetland ecosystem [ENVO_00000243] | V5: shrub layer [ENVO:01000336] | W5: fresh water [ENVO:00002011] | X5: 0 | Y5: Water sample (2L bottle dippled into small stream in 3 distinct areas within 3m of the point) | Z5: water bottle | AA5: 2000 | AB5: mL | AC5: 10 | AD5: none | AE5: PT3H | AP5: 0.45 | AS5: cellulose ester | AT5: Whatman | AY5: -18 | BF5: enzymatic | BG5: column-based | BH5: https://mbmg.pensoft.net/article/24556/ | BI5: Mu DNA | BJ5: https://mbmg.pensoft.net/article/24556/ | BK5: 0 | BQ5: 1 | BS5: 12S-V5
A6: 0103 | B6: sample | E6: =_xlfn.CONCAT(projectMetadata!$D$8,"_",sampleMetadata!A6) -> CROP_2024_0103 | F6: =LEFT(A6,9) -> 0103 | G6: =F6 -> 0103 | H6: CROP_01EB, CROP_01FB, NEG01, POS01 | J6: -0.81187299 | K6: 54.305987 | P6: United Kingdom, Cropton | Q6: 45306.594 | R6: PT2M | U6: freshwater wetland ecosystem [ENVO_00000243] | V6: shrub layer [ENVO:01000336] | W6: fresh water [ENVO:00002011] | X6: 0 | Y6: Water sample (2L bottle dippled into small stream in 3 distinct areas within 3m of the point) | Z6: water bottle | AA6: 2000 | AB6: mL | AC6: 10 | AD6: none | AE6: PT3H | AP6: 0.45 | AS6: cellulose ester | AT6: Whatman | AY6: -18 | BF6: enzymatic | BG6: column-based | BH6: https://mbmg.pensoft.net/article/24556/ | BI6: Mu DNA | BJ6: https://mbmg.pensoft.net/article/24556/ | BK6: 0 | BQ6: 1 | BS6: 12S-V5
A7: 0104 | B7: sample | E7: =_xlfn.CONCAT(projectMetadata!$D$8,"_",sampleMetadata!A7) -> CROP_2024_0104 | F7: =LEFT(A7,9) -> 0104 | G7: =F7 -> 0104 | H7: CROP_01EB, CROP_01FB, NEG01, POS01 | J7: -0.8115562 | K7: 54.305646 | P7: United Kingdom, Cropton | Q7: 45306.583 | R7: PT2M | U7: freshwater wetland ecosystem [ENVO_00000243] | V7: shrub layer [ENVO:01000336] | W7: fresh water [ENVO:00002011] | X7: 0 | Y7: Water sample (2L bottle dippled into small stream in 3 distinct areas within 3m of the point) | Z7: water bottle | AA7: 2000 | AB7: mL | AC7: 10 | AD7: none | AE7: PT3H | AP7: 0.45 | AS7: cellulose ester | AT7: Whatman | AY7: -18 | BF7: enzymatic | BG7: column-based | BH7: https://mbmg.pensoft.net/article/24556/ | BI7: Mu DNA | BJ7: https://mbmg.pensoft.net/article/24556/ | BK7: 0 | BQ7: 1 | BS7: 12S-V5
A8: 0105 | B8: sample | E8: =_xlfn.CONCAT(projectMetadata!$D$8,"_",sampleMetadata!A8) -> CROP_2024_0105 | F8: =LEFT(A8,9) -> 0105 | G8: =F8 -> 0105 | H8: CROP_01EB, CROP_01FB, NEG01, POS01 | J8: -0.81322506 | K8: 54.30521 | P8: United Kingdom, Cropton | Q8: 45306.573 | R8: PT2M | U8: freshwater wetland ecosystem [ENVO_00000243] | V8: shrub layer [ENVO:01000336] | W8: fresh water [ENVO:00002011] | X8: 0 | Y8: Water sample (2L bottle dippled into small stream in 3 distinct areas within 3m of the point) | Z8: water bottle | AA8: 2000 | AB8: mL | AC8: 10 | AD8: none | AE8: PT3H | AP8: 0.45 | AS8: cellulose ester | AT8: Whatman | AY8: -18 | BF8: enzymatic | BG8: column-based | BH8: https://mbmg.pensoft.net/article/24556/ | BI8: Mu DNA | BJ8: https://mbmg.pensoft.net/article/24556/ | BK8: 0 | BQ8: 1 | BS8: 12S-V5
A9: 0106 | B9: sample | E9: =_xlfn.CONCAT(projectMetadata!$D$8,"_",sampleMetadata!A9) -> CROP_2024_0106 | F9: =LEFT(A9,9) -> 0106 | G9: =F9 -> 0106 | H9: CROP_01EB, CROP_01FB, NEG01, POS01 | J9: -0.81573976 | K9: 54.304996 | P9: United Kingdom, Cropton | Q9: 45306.562 | R9: PT2M | U9: freshwater wetland ecosystem [ENVO_00000243] | V9: shrub layer [ENVO:01000336] | W9: fresh water [ENVO:00002011] | X9: 0 | Y9: Water sample (2L bottle dippled into small stream in 3 distinct areas within 3m of the point) | Z9: water bottle | AA9: 2000 | AB9: mL | AC9: 10 | AD9: none | AE9: PT3H | AP9: 0.45 | AS9: cellulose ester | AT9: Whatman | AY9: -18 | BF9: enzymatic | BG9: column-based | BH9: https://mbmg.pensoft.net/article/24556/ | BI9: Mu DNA | BJ9: https://mbmg.pensoft.net/article/24556/ | BK9: 0 | BQ9: 1 | BS9: 12S-V5 | BU9: Moist, overcast
A10: 0107 | B10: sample | E10: =_xlfn.CONCAT(projectMetadata!$D$8,"_",sampleMetadata!A10) -> CROP_2024_0107 | F10: =LEFT(A10,9) -> 0107 | G10: =F10 -> 0107 | H10: CROP_01EB, CROP_01FB, NEG01, POS01 | J10: -0.81746413 | K10: 54.304684 | P10: United Kingdom, Cropton | Q10: 45306.552 | R10: PT2M | U10: freshwater wetland ecosystem [ENVO_00000243] | V10: shrub layer [ENVO:01000336] | W10: fresh water [ENVO:00002011] | X10: 0 | Y10: Water sample (2L bottle dippled into small stream in 3 distinct areas within 3m of the point) | Z10: water bottle | AA10: 2000 | AB10: mL | AC10: 10 | AD10: none | AE10: PT3H | AP10: 0.45 | AS10: cellulose ester | AT10: Whatman | AY10: -18 | BF10: enzymatic | BG10: column-based | BH10: https://mbmg.pensoft.net/article/24556/ | BI10: Mu DNA | BJ10: https://mbmg.pensoft.net/article/24556/ | BK10: 0 | BQ10: 1 | BS10: 12S-V5 | BU10: Dry, cloudy
A11: 0108 | B11: sample | E11: =_xlfn.CONCAT(projectMetadata!$D$8,"_",sampleMetadata!A11) -> CROP_2024_0108 | F11: =LEFT(A11,9) -> 0108 | G11: =F11 -> 0108 | H11: CROP_01EB, CROP_01FB, NEG01, POS01 | J11: -0.81789849 | K11: 54.304594 | P11: United Kingdom, Cropton | Q11: 45306.549 | R11: PT2M | U11: freshwater wetland ecosystem [ENVO_00000243] | V11: shrub layer [ENVO:01000336] | W11: fresh water [ENVO:00002011] | X11: 0 | Y11: Water sample (2L bottle dippled into small stream in 3 distinct areas within 3m of the point) | Z11: water bottle | AA11: 2000 | AB11: mL | AC11: 10 | AD11: none | AE11: PT3H | AP11: 0.45 | AS11: cellulose ester | AT11: Whatman | AY11: -18 | BF11: enzymatic | BG11: column-based | BH11: https://mbmg.pensoft.net/article/24556/ | BI11: Mu DNA | BJ11: https://mbmg.pensoft.net/article/24556/ | BK11: 0 | BQ11: 1 | BS11: 12S-V5 | BU11: Dry, cloudy
A12: 0109 | B12: sample | E12: =_xlfn.CONCAT(projectMetadata!$D$8,"_",sampleMetadata!A12) -> CROP_2024_0109 | F12: =LEFT(A12,9) -> 0109 | G12: =F12 -> 0109 | H12: CROP_01EB, CROP_01FB, NEG01, POS01 | J12: -0.81844389 | K12: 54.30436 | P12: United Kingdom, Cropton | Q12: 45306.538 | R12: PT2M | U12: freshwater wetland ecosystem [ENVO_00000243] | V12: shrub layer [ENVO:01000336] | W12: fresh water [ENVO:00002011] | X12: 0 | Y12: Water sample (2L bottle dippled into small stream in 3 distinct areas within 3m of the point) | Z12: water bottle | AA12: 2000 | AB12: mL | AC12: 10 | AD12: none | AE12: PT3H | AP12: 0.45 | AS12: cellulose ester | AT12: Whatman | AY12: -18 | BF12: enzymatic | BG12: column-based | BH12: https://mbmg.pensoft.net/article/24556/ | BI12: Mu DNA | BJ12: https://mbmg.pensoft.net/article/24556/ | BK12: 0 | BQ12: 1 | BS12: 12S-V5 | BU12: Dry, cloudy
A13: 0110 | B13: sample | E13: =_xlfn.CONCAT(projectMetadata!$D$8,"_",sampleMetadata!A13) -> CROP_2024_0110 | F13: =LEFT(A13,9) -> 0110 | G13: =F13 -> 0110 | H13: CROP_01EB, CROP_01FB, NEG01, POS01 | J13: -0.81895989 | K13: 54.304236 | P13: United Kingdom, Cropton | Q13: 45306.528 | R13: PT2M | U13: freshwater wetland ecosystem [ENVO_00000243] | V13: shrub layer [ENVO:01000336] | W13: fresh water [ENVO:00002011] | X13: 0 | Y13: Water sample (2L bottle dippled into small stream in 3 distinct areas within 3m of the point) | Z13: water bottle | AA13: 2000 | AB13: mL | AC13: 10 | AD13: none | AE13: PT3H | AP13: 0.45 | AS13: cellulose ester | AT13: Whatman | AY13: -18 | BF13: enzymatic | BG13: column-based | BH13: https://mbmg.pensoft.net/article/24556/ | BI13: Mu DNA | BJ13: https://mbmg.pensoft.net/article/24556/ | BK13: 0 | BQ13: 1 | BS13: 12S-V5 | BU13: Dry, cloudy
A14: 01EB | B14: negative control | C14: extraction negative | E14: =_xlfn.CONCAT(projectMetadata!$D$8,"_",sampleMetadata!A14) -> CROP_2024_01EB | F14: =LEFT(A14,9) -> 01EB | G14: =F14 -> 01EB | BF14: enzymatic | BG14: column-based | BH14: https://mbmg.pensoft.net/article/24556/ | BI14: Mu DNA | BJ14: https://mbmg.pensoft.net/article/24556/ | BK14: 0 | BQ14: 1 | BS14: 12S-V5 | BU14: Dry, cloudy
A15: 01FB | B15: negative control | C15: field negative | E15: =_xlfn.CONCAT(projectMetadata!$D$8,"_",sampleMetadata!A15) -> CROP_2024_01FB | F15: =LEFT(A15,9) -> 01FB | G15: =F15 -> 01FB | AP15: 0.45 | AS15: cellulose ester | AT15: Whatman | AY15: -18 | BF15: enzymatic | BG15: column-based | BH15: https://mbmg.pensoft.net/article/24556/ | BI15: Mu DNA | BJ15: https://mbmg.pensoft.net/article/24556/ | BK15: 0 | BQ15: 1 | BS15: 12S-V5 | BU15: Dry, cloudy
A16: 0201 | B16: sample | E16: =_xlfn.CONCAT(projectMetadata!$D$8,"_",sampleMetadata!A16) -> CROP_2024_0201 | F16: =LEFT(A16,9) -> 0201 | G16: =F16 -> 0201 | H16: CROP_02EB, CROP_02FB, NEG01, POS01 | J16: -0.81100264 | K16: 54.305806 | P16: United Kingdom, Cropton | Q16: 45336.708 | R16: PT2M | U16: freshwater wetland ecosystem [ENVO_00000243] | V16: shrub layer [ENVO:01000336] | W16: fresh water [ENVO:00002011] | X16: 0 | Y16: Water sample (2L bottle dippled into small stream in 3 distinct areas within 3m of the point) | Z16: water bottle | AA16: 2000 | AB16: mL | AC16: 10 | AD16: none | AE16: PT3H | AP16: 0.45 | AS16: cellulose ester | AT16: Whatman | AY16: -18 | BF16: enzymatic | BG16: column-based | BH16: https://mbmg.pensoft.net/article/24556/ | BI16: Mu DNA | BJ16: https://mbmg.pensoft.net/article/24556/ | BK16: 0 | BQ16: 1 | BS16: 12S-V5 | BU16: Dry, cloudy
A17: 0202 | B17: sample | E17: =_xlfn.CONCAT(projectMetadata!$D$8,"_",sampleMetadata!A17) -> CROP_2024_0202 | F17: =LEFT(A17,9) -> 0202 | G17: =F17 -> 0202 | H17: CROP_02EB, CROP_02FB, NEG01, POS01 | J17: -0.80960976 | K17: 54.306325 | P17: United Kingdom, Cropton | Q17: 45336.698 | R17: PT2M | U17: freshwater wetland ecosystem [ENVO_00000243] | V17: shrub layer [ENVO:01000336] | W17: fresh water [ENVO:00002011] | X17: 0 | Y17: Water sample (2L bottle dippled into small stream in 3 distinct areas within 3m of the point) | Z17: water bottle | AA17: 2000 | AB17: mL | AC17: 10 | AD17: none | AE17: PT3H | AP17: 0.45 | AS17: cellulose ester | AT17: Whatman | AY17: -18 | BF17: enzymatic | BG17: column-based | BH17: https://mbmg.pensoft.net/article/24556/ | BI17: Mu DNA | BJ17: https://mbmg.pensoft.net/article/24556/ | BK17: 0 | BQ17: 1 | BS17: 12S-V5 | BU17: Dry, cloudy
A18: 0203 | B18: sample | E18: =_xlfn.CONCAT(projectMetadata!$D$8,"_",sampleMetadata!A18) -> CROP_2024_0203 | F18: =LEFT(A18,9) -> 0203 | G18: =F18 -> 0203 | H18: CROP_02EB, CROP_02FB, NEG01, POS01 | J18: -0.81187299 | K18: 54.305987 | P18: United Kingdom, Cropton | Q18: 45336.688 | R18: PT2M | U18: freshwater wetland ecosystem [ENVO_00000243] | V18: shrub layer [ENVO:01000336] | W18: fresh water [ENVO:00002011] | X18: 0 | Y18: Water sample (2L bottle dippled into small stream in 3 distinct areas within 3m of the point) | Z18: water bottle | AA18: 2000 | AB18: mL | AC18: 10 | AD18: none | AE18: PT3H | AP18: 0.45 | AS18: cellulose ester | AT18: Whatman | AY18: -18 | BF18: enzymatic | BG18: column-based | BH18: https://mbmg.pensoft.net/article/24556/ | BI18: Mu DNA | BJ18: https://mbmg.pensoft.net/article/24556/ | BK18: 0 | BQ18: 1 | BS18: 12S-V5 | BU18: Dry, cloudy
A19: 0204 | B19: sample | E19: =_xlfn.CONCAT(projectMetadata!$D$8,"_",sampleMetadata!A19) -> CROP_2024_0204 | F19: =LEFT(A19,9) -> 0204 | G19: =F19 -> 0204 | H19: CROP_02EB, CROP_02FB, NEG01, POS01 | J19: -0.8115562 | K19: 54.305646 | P19: United Kingdom, Cropton | Q19: 45336.681 | R19: PT2M | U19: freshwater wetland ecosystem [ENVO_00000243] | V19: shrub layer [ENVO:01000336] | W19: fresh water [ENVO:00002011] | X19: 0 | Y19: Water sample (2L bottle dippled into small stream in 3 distinct areas within 3m of the point) | Z19: water bottle | AA19: 2000 | AB19: mL | AC19: 10 | AD19: none | AE19: PT3H | AP19: 0.45 | AS19: cellulose ester | AT19: Whatman | AY19: -18 | BF19: enzymatic | BG19: column-based | BH19: https://mbmg.pensoft.net/article/24556/ | BI19: Mu DNA | BJ19: https://mbmg.pensoft.net/article/24556/ | BK19: 0 | BQ19: 1 | BS19: 12S-V5 | BU19: Dry, cloudy
A20: 0205 | B20: sample | E20: =_xlfn.CONCAT(projectMetadata!$D$8,"_",sampleMetadata!A20) -> CROP_2024_0205 | F20: =LEFT(A20,9) -> 0205 | G20: =F20 -> 0205 | H20: CROP_02EB, CROP_02FB, NEG05, POS05 | J20: -0.81322506 | K20: 54.30521 | P20: United Kingdom, Cropton | Q20: 45336.667 | R20: PT2M | U20: freshwater wetland ecosystem [ENVO_00000243] | V20: shrub layer [ENVO:01000336] | W20: fresh water [ENVO:00002011] | X20: 0 | Y20: Water sample (2L bottle dippled into small stream in 3 distinct areas within 3m of the point) | Z20: water bottle | AA20: 2000 | AB20: mL | AC20: 10 | AD20: none | AE20: PT3H | AP20: 0.45 | AS20: cellulose ester | AT20: Whatman | AY20: -18 | BF20: enzymatic | BG20: column-based | BH20: https://mbmg.pensoft.net/article/24556/ | BI20: Mu DNA | BJ20: https://mbmg.pensoft.net/article/24556/ | BK20: 0 | BQ20: 1 | BS20: 12S-V5 | BU20: Dry, cloudy
A21: 0206 | B21: sample | E21: =_xlfn.CONCAT(projectMetadata!$D$8,"_",sampleMetadata!A21) -> CROP_2024_0206 | F21: =LEFT(A21,9) -> 0206 | G21: =F21 -> 0206 | H21: CROP_02EB, CROP_02FB, NEG05, POS05 | J21: -0.81573976 | K21: 54.304996 | P21: United Kingdom, Cropton | Q21: 45336.66 | R21: PT2M | U21: freshwater wetland ecosystem [ENVO_00000243] | V21: shrub layer [ENVO:01000336] | W21: fresh water [ENVO:00002011] | X21: 0 | Y21: Water sample (2L bottle dippled into small stream in 3 distinct areas within 3m of the point) | Z21: water bottle | AA21: 2000 | AB21: mL | AC21: 10 | AD21: none | AE21: PT3H | AP21: 0.45 | AS21: cellulose ester | AT21: Whatman | AY21: -18 | BF21: enzymatic | BG21: column-based | BH21: https://mbmg.pensoft.net/article/24556/ | BI21: Mu DNA | BJ21: https://mbmg.pensoft.net/article/24556/ | BK21: 0 | BQ21: 1 | BS21: 12S-V5 | BU21: Dry, cloudy
A22: 0207 | B22: sample | E22: =_xlfn.CONCAT(projectMetadata!$D$8,"_",sampleMetadata!A22) -> CROP_2024_0207 | F22: =LEFT(A22,9) -> 0207 | G22: =F22 -> 0207 | H22: CROP_02EB, CROP_02FB, NEG01, POS01 | J22: -0.81746413 | K22: 54.304684 | P22: United Kingdom, Cropton | Q22: 45336.646 | R22: PT2M | U22: freshwater wetland ecosystem [ENVO_00000243] | V22: shrub layer [ENVO:01000336] | W22: fresh water [ENVO:00002011] | X22: 0 | Y22: Water sample (2L bottle dippled into small stream in 3 distinct areas within 3m of the point) | Z22: water bottle | AA22: 2000 | AB22: mL | AC22: 10 | AD22: none | AE22: PT3H | AP22: 0.45 | AS22: cellulose ester | AT22: Whatman | AY22: -18 | BF22: enzymatic | BG22: column-based | BH22: https://mbmg.pensoft.net/article/24556/ | BI22: Mu DNA | BJ22: https://mbmg.pensoft.net/article/24556/ | BK22: 0 | BQ22: 1 | BS22: 12S-V5 | BU22: Dry, cloudy
A23: 0208 | B23: sample | E23: =_xlfn.CONCAT(projectMetadata!$D$8,"_",sampleMetadata!A23) -> CROP_2024_0208 | F23: =LEFT(A23,9) -> 0208 | G23: =F23 -> 0208 | H23: CROP_02EB, CROP_02FB, NEG01, POS01 | J23: -0.81789849 | K23: 54.304594 | P23: United Kingdom, Cropton | Q23: 45336.639 | R23: PT2M | U23: freshwater wetland ecosystem [ENVO_00000243] | V23: shrub layer [ENVO:01000336] | W23: fresh water [ENVO:00002011] | X23: 0 | Y23: Water sample (2L bottle dippled into small stream in 3 distinct areas within 3m of the point) | Z23: water bottle | AA23: 2000 | AB23: mL | AC23: 10 | AD23: none | AE23: PT3H | AP23: 0.45 | AS23: cellulose ester | AT23: Whatman | AY23: -18 | BF23: enzymatic | BG23: column-based | BH23: https://mbmg.pensoft.net/article/24556/ | BI23: Mu DNA | BJ23: https://mbmg.pensoft.net/article/24556/ | BK23: 0 | BQ23: 1 | BS23: 12S-V5 | BU23: Dry, cloudy
A24: 0209 | B24: sample | E24: =_xlfn.CONCAT(projectMetadata!$D$8,"_",sampleMetadata!A24) -> CROP_2024_0209 | F24: =LEFT(A24,9) -> 0209 | G24: =F24 -> 0209 | H24: CROP_02EB, CROP_02FB, NEG01, POS01 | J24: -0.81844389 | K24: 54.30436 | P24: United Kingdom, Cropton | Q24: 45336.625 | R24: PT2M | U24: freshwater wetland ecosystem [ENVO_00000243] | V24: shrub layer [ENVO:01000336] | W24: fresh water [ENVO:00002011] | X24: 0 | Y24: Water sample (2L bottle dippled into small stream in 3 distinct areas within 3m of the point) | Z24: water bottle | AA24: 2000 | AB24: mL | AC24: 10 | AD24: none | AE24: PT3H | AP24: 0.45 | AS24: cellulose ester | AT24: Whatman | AY24: -18 | BF24: enzymatic | BG24: column-based | BH24: https://mbmg.pensoft.net/article/24556/ | BI24: Mu DNA | BJ24: https://mbmg.pensoft.net/article/24556/ | BK24: 0 | BQ24: 1 | BS24: 12S-V5 | BU24: Dry, cloudy
A25: 0210 | B25: sample | E25: =_xlfn.CONCAT(projectMetadata!$D$8,"_",sampleMetadata!A25) -> CROP_2024_0210 | F25: =LEFT(A25,9) -> 0210 | G25: =F25 -> 0210 | H25: CROP_02EB, CROP_02FB, NEG01, POS01 | J25: -0.81895989 | K25: 54.304236 | P25: United Kingdom, Cropton | Q25: 45336.611 | R25: PT2M | U25: freshwater wetland ecosystem [ENVO_00000243] | V25: shrub layer [ENVO:01000336] | W25: fresh water [ENVO:00002011] | X25: 0 | Y25: Water sample (2L bottle dippled into small stream in 3 distinct areas within 3m of the point) | Z25: water bottle | AA25: 2000 | AB25: mL | AC25: 10 | AD25: none | AE25: PT3H | AP25: 0.45 | AS25: cellulose ester | AT25: Whatman | AY25: -18 | BF25: enzymatic | BG25: column-based | BH25: https://mbmg.pensoft.net/article/24556/ | BI25: Mu DNA | BJ25: https://mbmg.pensoft.net/article/24556/ | BK25: 0 | BQ25: 1 | BS25: 12S-V5 | BU25: Dry, cloudy
A26: 0211 | B26: sample | E26: =_xlfn.CONCAT(projectMetadata!$D$8,"_",sampleMetadata!A26) -> CROP_2024_0211 | F26: =LEFT(A26,9) -> 0211 | G26: =F26 -> 0211 | H26: CROP_02EB, CROP_02FB, NEG05, POS05 | J26: -0.819925 | K26: 54.304091 | P26: United Kingdom, Cropton | Q26: 45336.542 | R26: PT2M | U26: freshwater wetland ecosystem [ENVO_00000243] | V26: shrub layer [ENVO:01000336] | W26: fresh water [ENVO:00002011] | X26: 0 | Y26: Water sample (2L bottle dippled into small stream in 3 distinct areas within 3m of the point) | Z26: water bottle | AA26: 2000 | AB26: mL | AC26: 10 | AD26: none | AE26: PT3H | AP26: 0.45 | AS26: cellulose ester | AT26: Whatman | AY26: -18 | BF26: enzymatic | BG26: column-based | BH26: https://mbmg.pensoft.net/article/24556/ | BI26: Mu DNA | BJ26: https://mbmg.pensoft.net/article/24556/ | BK26: 0 | BQ26: 1 | BS26: 12S-V5 | BU26: Overcast
A27: 0212 | B27: sample | E27: =_xlfn.CONCAT(projectMetadata!$D$8,"_",sampleMetadata!A27) -> CROP_2024_0212 | F27: =LEFT(A27,9) -> 0212 | G27: =F27 -> 0212 | H27: CROP_02EB, CROP_02FB, NEG05, POS05 | J27: -0.829613 | K27: 54.303712 | P27: United Kingdom, Cropton | Q27: 45336.531 | R27: PT2M | U27: freshwater wetland ecosystem [ENVO_00000243] | V27: shrub layer [ENVO:01000336] | W27: fresh water [ENVO:00002011] | X27: 0 | Y27: Water sample (2L bottle dippled into small stream in 3 distinct areas within 3m of the point) | Z27: water bottle | AA27: 2000 | AB27: mL | AC27: 10 | AD27: none | AE27: PT3H | AP27: 0.45 | AS27: cellulose ester | AT27: Whatman | AY27: -18 | BF27: enzymatic | BG27: column-based | BH27: https://mbmg.pensoft.net/article/24556/ | BI27: Mu DNA | BJ27: https://mbmg.pensoft.net/article/24556/ | BK27: 0 | BQ27: 1 | BS27: 12S-V5 | BU27: Overcast
... A29: 0214 | B29: sample | E29: =_xlfn.CONCAT(projectMetadata!$D$8,"_",sampleMetadata!A29) -> CROP_2024_0214 | F29: =LEFT(A29,9) -> 0214 | G29: =F29 -> 0214 | H29: CROP_02EB, CROP_02FB, NEG05, POS05 | J29: -0.845707 | K29: 54.295705 | P29: United Kingdom, Cropton | Q29: 45336.472 | R29: PT2M | U29: freshwater wetland ecosystem [ENVO_00000243] | V29: shrub layer [ENVO:01000336] | W29: fresh water [ENVO:00002011] | X29: 0 | Y29: Water sample (2L bottle dippled into small stream in 3 distinct areas within 3m of the point) | Z29: water bottle | AA29: 2000 | AB29: mL | AC29: 10 | AD29: none | AE29: PT3H | AP29: 0.45 | AS29: cellulose ester | AT29: Whatman | AY29: -18 | BF29: enzymatic | BG29: column-based | BH29: https://mbmg.pensoft.net/article/24556/ | BI29: Mu DNA | BJ29: https://mbmg.pensoft.net/article/24556/ | BK29: 0 | BQ29: 1 | BS29: 12S-V5 | BU29: Overcast
A30: 02EB | B30: negative control | C30: extraction negative | E30: =_xlfn.CONCAT(projectMetadata!$D$8,"_",sampleMetadata!A30) -> CROP_2024_02EB | F30: =LEFT(A30,9) -> 02EB | G30: =F30 -> 02EB | BF30: enzymatic | BG30: column-based | BH30: https://mbmg.pensoft.net/article/24556/ | BI30: Mu DNA | BJ30: https://mbmg.pensoft.net/article/24556/ | BK30: 0 | BQ30: 1 | BS30: 12S-V5 | BU30: Overcast
A31: 02FB | B31: negative control | C31: field negative | E31: =_xlfn.CONCAT(projectMetadata!$D$8,"_",sampleMetadata!A31) -> CROP_2024_02FB | F31: =LEFT(A31,9) -> 02FB | G31: =F31 -> 02FB | AP31: 0.45 | AS31: cellulose ester | AT31: Whatman | AY31: -18 | BF31: enzymatic | BG31: column-based | BH31: https://mbmg.pensoft.net/article/24556/ | BI31: Mu DNA | BJ31: https://mbmg.pensoft.net/article/24556/ | BK31: 0 | BQ31: 1 | BS31: 12S-V5 | BU31: Overcast
A32: 0301 | B32: sample | E32: =_xlfn.CONCAT(projectMetadata!$D$8,"_",sampleMetadata!A32) -> CROP_2024_0301 | F32: =LEFT(A32,9) -> 0301 | G32: =F32 -> 0301 | H32: CROP_03EB, CROP_03FB, NEG02, POS02 | J32: -0.81100264 | K32: 54.305806 | P32: United Kingdom, Cropton | Q32: 45376.535 | R32: PT2M | U32: freshwater wetland ecosystem [ENVO_00000243] | V32: shrub layer [ENVO:01000336] | W32: fresh water [ENVO:00002011] | X32: 0 | Y32: Water sample (2L bottle dippled into small stream in 3 distinct areas within 3m of the point) | Z32: water bottle | AA32: 2000 | AB32: mL | AC32: 10 | AD32: none | AE32: PT3H | AP32: 0.45 | AS32: cellulose ester | AT32: Whatman | AY32: -18 | BF32: enzymatic | BG32: column-based | BH32: https://mbmg.pensoft.net/article/24556/ | BI32: Mu DNA | BJ32: https://mbmg.pensoft.net/article/24556/ | BK32: 0 | BQ32: 1 | BS32: 12S-V5 | BU32: Overcast
A33: 0302 | B33: sample | E33: =_xlfn.CONCAT(projectMetadata!$D$8,"_",sampleMetadata!A33) -> CROP_2024_0302 | F33: =LEFT(A33,9) -> 0302 | G33: =F33 -> 0302 | H33: CROP_03EB, CROP_03FB, NEG02, POS02 | J33: -0.80960976 | K33: 54.306325 | P33: United Kingdom, Cropton | Q33: 45376.528 | R33: PT2M | U33: freshwater wetland ecosystem [ENVO_00000243] | V33: shrub layer [ENVO:01000336] | W33: fresh water [ENVO:00002011] | X33: 0 | Y33: Water sample (2L bottle dippled into small stream in 3 distinct areas within 3m of the point) | Z33: water bottle | AA33: 2000 | AB33: mL | AC33: 10 | AD33: none | AE33: PT3H | AP33: 0.45 | AS33: cellulose ester | AT33: Whatman | AY33: -18 | BF33: enzymatic | BG33: column-based | BH33: https://mbmg.pensoft.net/article/24556/ | BI33: Mu DNA | BJ33: https://mbmg.pensoft.net/article/24556/ | BK33: 0 | BQ33: 1 | BS33: 12S-V5 | BU33: Sunny
A34: 0303 | B34: sample | E34: =_xlfn.CONCAT(projectMetadata!$D$8,"_",sampleMetadata!A34) -> CROP_2024_0303 | F34: =LEFT(A34,9) -> 0303 | G34: =F34 -> 0303 | H34: CROP_03EB, CROP_03FB, NEG02, POS02 | J34: -0.81187299 | K34: 54.305987 | P34: United Kingdom, Cropton | Q34: 45376.517 | R34: PT2M | U34: freshwater wetland ecosystem [ENVO_00000243] | V34: shrub layer [ENVO:01000336] | W34: fresh water [ENVO:00002011] | X34: 0 | Y34: Water sample (2L bottle dippled into small stream in 3 distinct areas within 3m of the point) | Z34: water bottle | AA34: 2000 | AB34: mL | AC34: 10 | AD34: none | AE34: PT3H | AP34: 0.45 | AS34: cellulose ester | AT34: Whatman | AY34: -18 | BF34: enzymatic | BG34: column-based | BH34: https://mbmg.pensoft.net/article/24556/ | BI34: Mu DNA | BJ34: https://mbmg.pensoft.net/article/24556/ | BK34: 0 | BQ34: 1 | BS34: 12S-V5 | BU34: Sunny
A35: 0304 | B35: sample | E35: =_xlfn.CONCAT(projectMetadata!$D$8,"_",sampleMetadata!A35) -> CROP_2024_0304 | F35: =LEFT(A35,9) -> 0304 | G35: =F35 -> 0304 | H35: CROP_03EB, CROP_03FB, NEG02, POS02 | J35: -0.8115562 | K35: 54.305646 | P35: United Kingdom, Cropton | Q35: 45376.514 | R35: PT2M | U35: freshwater wetland ecosystem [ENVO_00000243] | V35: shrub layer [ENVO:01000336] | W35: fresh water [ENVO:00002011] | X35: 0 | Y35: Water sample (2L bottle dippled into small stream in 3 distinct areas within 3m of the point) | Z35: water bottle | AA35: 2000 | AB35: mL | AC35: 10 | AD35: none | AE35: PT3H | AP35: 0.45 | AS35: cellulose ester | AT35: Whatman | AY35: -18 | BF35: enzymatic | BG35: column-based | BH35: https://mbmg.pensoft.net/article/24556/ | BI35: Mu DNA | BJ35: https://mbmg.pensoft.net/article/24556/ | BK35: 0 | BQ35: 1 | BS35: 12S-V5 | BU35: Sunny
A36: 0305 | B36: sample | E36: =_xlfn.CONCAT(projectMetadata!$D$8,"_",sampleMetadata!A36) -> CROP_2024_0305 | F36: =LEFT(A36,9) -> 0305 | G36: =F36 -> 0305 | H36: CROP_03EB, CROP_03FB, NEG02, POS02 | J36: -0.81322506 | K36: 54.30521 | P36: United Kingdom, Cropton | Q36: 45376.5 | R36: PT2M | U36: freshwater wetland ecosystem [ENVO_00000243] | V36: shrub layer [ENVO:01000336] | W36: fresh water [ENVO:00002011] | X36: 0 | Y36: Water sample (2L bottle dippled into small stream in 3 distinct areas within 3m of the point) | Z36: water bottle | AA36: 2000 | AB36: mL | AC36: 10 | AD36: none | AE36: PT3H | AP36: 0.45 | AS36: cellulose ester | AT36: Whatman | AY36: -18 | BF36: enzymatic | BG36: column-based | BH36: https://mbmg.pensoft.net/article/24556/ | BI36: Mu DNA | BJ36: https://mbmg.pensoft.net/article/24556/ | BK36: 0 | BQ36: 1 | BS36: 12S-V5 | BU36: Sunny
A37: 0306 | B37: sample | E37: =_xlfn.CONCAT(projectMetadata!$D$8,"_",sampleMetadata!A37) -> CROP_2024_0306 | F37: =LEFT(A37,9) -> 0306 | G37: =F37 -> 0306 | H37: CROP_03EB, CROP_03FB, NEG02, POS02 | J37: -0.81573976 | K37: 54.304996 | P37: United Kingdom, Cropton | Q37: 45376.497 | R37: PT2M | U37: freshwater wetland ecosystem [ENVO_00000243] | V37: shrub layer [ENVO:01000336] | W37: fresh water [ENVO:00002011] | X37: 0 | Y37: Water sample (2L bottle dippled into small stream in 3 distinct areas within 3m of the point) | Z37: water bottle | AA37: 2000 | AB37: mL | AC37: 10 | AD37: none | AE37: PT3H | AP37: 0.45 | AS37: cellulose ester | AT37: Whatman | AY37: -18 | BF37: enzymatic | BG37: column-based | BH37: https://mbmg.pensoft.net/article/24556/ | BI37: Mu DNA | BJ37: https://mbmg.pensoft.net/article/24556/ | BK37: 0 | BQ37: 1 | BS37: 12S-V5 | BU37: Sunny
A38: 0307 | B38: sample | E38: =_xlfn.CONCAT(projectMetadata!$D$8,"_",sampleMetadata!A38) -> CROP_2024_0307 | F38: =LEFT(A38,9) -> 0307 | G38: =F38 -> 0307 | H38: CROP_03EB, CROP_03FB, NEG02, POS02 | J38: -0.81746413 | K38: 54.304684 | P38: United Kingdom, Cropton | Q38: 45376.486 | R38: PT2M | U38: freshwater wetland ecosystem [ENVO_00000243] | V38: shrub layer [ENVO:01000336] | W38: fresh water [ENVO:00002011] | X38: 0 | Y38: Water sample (2L bottle dippled into small stream in 3 distinct areas within 3m of the point) | Z38: water bottle | AA38: 2000 | AB38: mL | AC38: 10 | AD38: none | AE38: PT3H | AP38: 0.45 | AS38: cellulose ester | AT38: Whatman | AY38: -18 | BF38: enzymatic | BG38: column-based | BH38: https://mbmg.pensoft.net/article/24556/ | BI38: Mu DNA | BJ38: https://mbmg.pensoft.net/article/24556/ | BK38: 0 | BQ38: 1 | BS38: 12S-V5 | BU38: Sunny
A39: 0308 | B39: sample | E39: =_xlfn.CONCAT(projectMetadata!$D$8,"_",sampleMetadata!A39) -> CROP_2024_0308 | F39: =LEFT(A39,9) -> 0308 | G39: =F39 -> 0308 | H39: CROP_03EB, CROP_03FB, NEG02, POS02 | J39: -0.81789849 | K39: 54.304594 | P39: United Kingdom, Cropton | Q39: 45376.483 | R39: PT2M | U39: freshwater wetland ecosystem [ENVO_00000243] | V39: shrub layer [ENVO:01000336] | W39: fresh water [ENVO:00002011] | X39: 0 | Y39: Water sample (2L bottle dippled into small stream in 3 distinct areas within 3m of the point) | Z39: water bottle | AA39: 2000 | AB39: mL | AC39: 10 | AD39: none | AE39: PT3H | AP39: 0.45 | AS39: cellulose ester | AT39: Whatman | AY39: -18 | BF39: enzymatic | BG39: column-based | BH39: https://mbmg.pensoft.net/article/24556/ | BI39: Mu DNA | BJ39: https://mbmg.pensoft.net/article/24556/ | BK39: 0 | BQ39: 1 | BS39: 12S-V5 | BU39: Drizzle
A40: 0309 | B40: sample | E40: =_xlfn.CONCAT(projectMetadata!$D$8,"_",sampleMetadata!A40) -> CROP_2024_0309 | F40: =LEFT(A40,9) -> 0309 | G40: =F40 -> 0309 | H40: CROP_03EB, CROP_03FB, NEG02, POS02 | J40: -0.81844389 | K40: 54.30436 | P40: United Kingdom, Cropton | Q40: 45376.476 | R40: PT2M | U40: freshwater wetland ecosystem [ENVO_00000243] | V40: shrub layer [ENVO:01000336] | W40: fresh water [ENVO:00002011] | X40: 0 | Y40: Water sample (2L bottle dippled into small stream in 3 distinct areas within 3m of the point) | Z40: water bottle | AA40: 2000 | AB40: mL | AC40: 10 | AD40: none | AE40: PT3H | AP40: 0.45 | AS40: cellulose ester | AT40: Whatman | AY40: -18 | BF40: enzymatic | BG40: column-based | BH40: https://mbmg.pensoft.net/article/24556/ | BI40: Mu DNA | BJ40: https://mbmg.pensoft.net/article/24556/ | BK40: 0 | BQ40: 1 | BS40: 12S-V5 | BU40: Drizzle
A41: 0310 | B41: sample | E41: =_xlfn.CONCAT(projectMetadata!$D$8,"_",sampleMetadata!A41) -> CROP_2024_0310 | F41: =LEFT(A41,9) -> 0310 | G41: =F41 -> 0310 | H41: CROP_03EB, CROP_03FB, NEG02, POS02 | J41: -0.81895989 | K41: 54.304236 | P41: United Kingdom, Cropton | Q41: 45376.469 | R41: PT2M | U41: freshwater wetland ecosystem [ENVO_00000243] | V41: shrub layer [ENVO:01000336] | W41: fresh water [ENVO:00002011] | X41: 0 | Y41: Water sample (2L bottle dippled into small stream in 3 distinct areas within 3m of the point) | Z41: water bottle | AA41: 2000 | AB41: mL | AC41: 10 | AD41: none | AE41: PT3H | AP41: 0.45 | AS41: cellulose ester | AT41: Whatman | AY41: -18 | BF41: enzymatic | BG41: column-based | BH41: https://mbmg.pensoft.net/article/24556/ | BI41: Mu DNA | BJ41: https://mbmg.pensoft.net/article/24556/ | BK41: 0 | BQ41: 1 | BS41: 12S-V5 | BU41: Drizzle
A42: 03EB | B42: negative control | C42: extraction negative | E42: =_xlfn.CONCAT(projectMetadata!$D$8,"_",sampleMetadata!A42) -> CROP_2024_03EB | F42: =LEFT(A42,9) -> 03EB | G42: =F42 -> 03EB | AP42: 0.45 | AS42: cellulose ester | AT42: Whatman | AY42: -18 | BF42: enzymatic | BG42: column-based | BH42: https://mbmg.pensoft.net/article/24556/ | BI42: Mu DNA | BJ42: https://mbmg.pensoft.net/article/24556/ | BK42: 0 | BQ42: 1 | BS42: 12S-V5 | BU42: Drizzle
A43: 03FB | B43: negative control | C43: field negative | E43: =_xlfn.CONCAT(projectMetadata!$D$8,"_",sampleMetadata!A43) -> CROP_2024_03FB | F43: =LEFT(A43,9) -> 03FB | G43: =F43 -> 03FB | BF43: enzymatic | BG43: column-based | BH43: https://mbmg.pensoft.net/article/24556/ | BI43: Mu DNA | BJ43: https://mbmg.pensoft.net/article/24556/ | BK43: 0 | BQ43: 1 | BS43: 12S-V5 | BU43: Overcast
A44: 0401 | B44: sample | E44: =_xlfn.CONCAT(projectMetadata!$D$8,"_",sampleMetadata!A44) -> CROP_2024_0401 | F44: =LEFT(A44,9) -> 0401 | G44: =F44 -> 0401 | H44: CROP_04EB, CROP_04FB, NEG02, POS02 | J44: -0.81100264 | K44: 54.305806 | P44: United Kingdom, Cropton | Q44: 45404.49 | R44: PT2M | U44: freshwater wetland ecosystem [ENVO_00000243] | V44: shrub layer [ENVO:01000336] | W44: fresh water [ENVO:00002011] | X44: 0 | Y44: Water sample (2L bottle dippled into small stream in 3 distinct areas within 3m of the point) | Z44: water bottle | AA44: 2000 | AB44: mL | AC44: 10 | AD44: none | AE44: PT3H | AP44: 0.45 | AS44: cellulose ester | AT44: Whatman | AY44: -18 | BF44: enzymatic | BG44: column-based | BH44: https://mbmg.pensoft.net/article/24556/ | BI44: Mu DNA | BJ44: https://mbmg.pensoft.net/article/24556/ | BK44: 0 | BQ44: 1 | BS44: 12S-V5 | BU44: Overcast
A45: 0402 | B45: sample | E45: =_xlfn.CONCAT(projectMetadata!$D$8,"_",sampleMetadata!A45) -> CROP_2024_0402 | F45: =LEFT(A45,9) -> 0402 | G45: =F45 -> 0402 | H45: CROP_04EB, CROP_04FB, NEG02, POS02 | J45: -0.80960976 | K45: 54.306325 | P45: United Kingdom, Cropton | Q45: 45404.497 | R45: PT2M | U45: freshwater wetland ecosystem [ENVO_00000243] | V45: shrub layer [ENVO:01000336] | W45: fresh water [ENVO:00002011] | X45: 0 | Y45: Water sample (2L bottle dippled into small stream in 3 distinct areas within 3m of the point) | Z45: water bottle | AA45: 2000 | AB45: mL | AC45: 10 | AD45: none | AE45: PT3H | AP45: 0.45 | AS45: cellulose ester | AT45: Whatman | AY45: -18 | BF45: enzymatic | BG45: column-based | BH45: https://mbmg.pensoft.net/article/24556/ | BI45: Mu DNA | BJ45: https://mbmg.pensoft.net/article/24556/ | BK45: 0 | BQ45: 1 | BS45: 12S-V5 | BU45: Overcast
A46: 0403 | B46: sample | E46: =_xlfn.CONCAT(projectMetadata!$D$8,"_",sampleMetadata!A46) -> CROP_2024_0403 | F46: =LEFT(A46,9) -> 0403 | G46: =F46 -> 0403 | H46: CROP_04EB, CROP_04FB, NEG02, POS02 | J46: -0.81187299 | K46: 54.305987 | P46: United Kingdom, Cropton | Q46: 45404.479 | R46: PT2M | U46: freshwater wetland ecosystem [ENVO_00000243] | V46: shrub layer [ENVO:01000336] | W46: fresh water [ENVO:00002011] | X46: 0 | Y46: Water sample (2L bottle dippled into small stream in 3 distinct areas within 3m of the point) | Z46: water bottle | AA46: 2000 | AB46: mL | AC46: 10 | AD46: none | AE46: PT3H | AP46: 0.45 | AS46: cellulose ester | AT46: Whatman | AY46: -18 | BF46: enzymatic | BG46: column-based | BH46: https://mbmg.pensoft.net/article/24556/ | BI46: Mu DNA | BJ46: https://mbmg.pensoft.net/article/24556/ | BK46: 0 | BQ46: 1 | BS46: 12S-V5 | BU46: Overcast
A47: 0404 | B47: sample | E47: =_xlfn.CONCAT(projectMetadata!$D$8,"_",sampleMetadata!A47) -> CROP_2024_0404 | F47: =LEFT(A47,9) -> 0404 | G47: =F47 -> 0404 | H47: CROP_04EB, CROP_04FB, NEG02, POS02 | J47: -0.8115562 | K47: 54.305646 | P47: United Kingdom, Cropton | Q47: 45404.472 | R47: PT2M | U47: freshwater wetland ecosystem [ENVO_00000243] | V47: shrub layer [ENVO:01000336] | W47: fresh water [ENVO:00002011] | X47: 0 | Y47: Water sample (2L bottle dippled into small stream in 3 distinct areas within 3m of the point) | Z47: water bottle | AA47: 2000 | AB47: mL | AC47: 10 | AD47: none | AE47: PT3H | AP47: 0.45 | AS47: cellulose ester | AT47: Whatman | AY47: -18 | BF47: enzymatic | BG47: column-based | BH47: https://mbmg.pensoft.net/article/24556/ | BI47: Mu DNA | BJ47: https://mbmg.pensoft.net/article/24556/ | BK47: 0 | BQ47: 1 | BS47: 12S-V5 | BU47: Hot, sunny
A48: 0405 | B48: sample | E48: =_xlfn.CONCAT(projectMetadata!$D$8,"_",sampleMetadata!A48) -> CROP_2024_0405 | F48: =LEFT(A48,9) -> 0405 | G48: =F48 -> 0405 | H48: CROP_04EB, CROP_04FB, NEG10, POS10 | J48: -0.81322506 | K48: 54.30521 | P48: United Kingdom, Cropton | Q48: 45404.462 | R48: PT2M | U48: freshwater wetland ecosystem [ENVO_00000243] | V48: shrub layer [ENVO:01000336] | W48: fresh water [ENVO:00002011] | X48: 0 | Y48: Water sample (2L bottle dippled into small stream in 3 distinct areas within 3m of the point) | Z48: water bottle | AA48: 2000 | AB48: mL | AC48: 10 | AD48: none | AE48: PT3H | AP48: 0.45 | AS48: cellulose ester | AT48: Whatman | AY48: -18 | BF48: enzymatic | BG48: column-based | BH48: https://mbmg.pensoft.net/article/24556/ | BI48: Mu DNA | BJ48: https://mbmg.pensoft.net/article/24556/ | BK48: 0 | BQ48: 1 | BS48: 12S-V5 | BU48: Hot, sunny
A49: 0406 | B49: sample | E49: =_xlfn.CONCAT(projectMetadata!$D$8,"_",sampleMetadata!A49) -> CROP_2024_0406 | F49: =LEFT(A49,9) -> 0406 | G49: =F49 -> 0406 | H49: CROP_04EB, CROP_04FB, NEG10, POS10 | J49: -0.81573976 | K49: 54.304996 | P49: United Kingdom, Cropton | Q49: 45404.455 | R49: PT2M | U49: freshwater wetland ecosystem [ENVO_00000243] | V49: shrub layer [ENVO:01000336] | W49: fresh water [ENVO:00002011] | X49: 0 | Y49: Water sample (2L bottle dippled into small stream in 3 distinct areas within 3m of the point) | Z49: water bottle | AA49: 2000 | AB49: mL | AC49: 10 | AD49: none | AE49: PT3H | AP49: 0.45 | AS49: cellulose ester | AT49: Whatman | AY49: -18 | BF49: enzymatic | BG49: column-based | BH49: https://mbmg.pensoft.net/article/24556/ | BI49: Mu DNA | BJ49: https://mbmg.pensoft.net/article/24556/ | BK49: 0 | BQ49: 1 | BS49: 12S-V5 | BU49: Hot, sunny
A50: 0407 | B50: sample | E50: =_xlfn.CONCAT(projectMetadata!$D$8,"_",sampleMetadata!A50) -> CROP_2024_0407 | F50: =LEFT(A50,9) -> 0407 | G50: =F50 -> 0407 | H50: CROP_04EB, CROP_04FB, NEG02, POS02 | J50: -0.81746413 | K50: 54.304684 | P50: United Kingdom, Cropton | Q50: 45404.448 | R50: PT2M | U50: freshwater wetland ecosystem [ENVO_00000243] | V50: shrub layer [ENVO:01000336] | W50: fresh water [ENVO:00002011] | X50: 0 | Y50: Water sample (2L bottle dippled into small stream in 3 distinct areas within 3m of the point) | Z50: water bottle | AA50: 2000 | AB50: mL | AC50: 10 | AD50: none | AE50: PT3H | AP50: 0.45 | AS50: cellulose ester | AT50: Whatman | AY50: -18 | BF50: enzymatic | BG50: column-based | BH50: https://mbmg.pensoft.net/article/24556/ | BI50: Mu DNA | BJ50: https://mbmg.pensoft.net/article/24556/ | BK50: 0 | BQ50: 1 | BS50: 12S-V5 | BU50: Hot, sunny
A51: 0408 | B51: sample | E51: =_xlfn.CONCAT(projectMetadata!$D$8,"_",sampleMetadata!A51) -> CROP_2024_0408 | F51: =LEFT(A51,9) -> 0408 | G51: =F51 -> 0408 | H51: CROP_04EB, CROP_04FB, NEG02, POS02 | J51: -0.81789849 | K51: 54.304594 | P51: United Kingdom, Cropton | Q51: 45404.444 | R51: PT2M | U51: freshwater wetland ecosystem [ENVO_00000243] | V51: shrub layer [ENVO:01000336] | W51: fresh water [ENVO:00002011] | X51: 0 | Y51: Water sample (2L bottle dippled into small stream in 3 distinct areas within 3m of the point) | Z51: water bottle | AA51: 2000 | AB51: mL | AC51: 10 | AD51: none | AE51: PT3H | AP51: 0.45 | AS51: cellulose ester | AT51: Whatman | AY51: -18 | BF51: enzymatic | BG51: column-based | BH51: https://mbmg.pensoft.net/article/24556/ | BI51: Mu DNA | BJ51: https://mbmg.pensoft.net/article/24556/ | BK51: 0 | BQ51: 1 | BS51: 12S-V5 | BU51: Hot, sunny
A52: 0409 | B52: sample | E52: =_xlfn.CONCAT(projectMetadata!$D$8,"_",sampleMetadata!A52) -> CROP_2024_0409 | F52: =LEFT(A52,9) -> 0409 | G52: =F52 -> 0409 | H52: CROP_04EB, CROP_04FB, NEG02, POS02 | J52: -0.81844389 | K52: 54.30436 | P52: United Kingdom, Cropton | Q52: 45404.441 | R52: PT2M | U52: freshwater wetland ecosystem [ENVO_00000243] | V52: shrub layer [ENVO:01000336] | W52: fresh water [ENVO:00002011] | X52: 0 | Y52: Water sample (2L bottle dippled into small stream in 3 distinct areas within 3m of the point) | Z52: water bottle | AA52: 2000 | AB52: mL | AC52: 10 | AD52: none | AE52: PT3H | AP52: 0.45 | AS52: cellulose ester | AT52: Whatman | AY52: -18 | BF52: enzymatic | BG52: column-based | BH52: https://mbmg.pensoft.net/article/24556/ | BI52: Mu DNA | BJ52: https://mbmg.pensoft.net/article/24556/ | BK52: 0 | BQ52: 1 | BS52: 12S-V5 | BU52: Hot, sunny
A53: 0410 | B53: sample | E53: =_xlfn.CONCAT(projectMetadata!$D$8,"_",sampleMetadata!A53) -> CROP_2024_0410 | F53: =LEFT(A53,9) -> 0410 | G53: =F53 -> 0410 | H53: CROP_04EB, CROP_04FB, NEG02, POS02 | J53: -0.81895989 | K53: 54.304236 | P53: United Kingdom, Cropton | Q53: 45404.434 | R53: PT2M | U53: freshwater wetland ecosystem [ENVO_00000243] | V53: shrub layer [ENVO:01000336] | W53: fresh water [ENVO:00002011] | X53: 0 | Y53: Water sample (2L bottle dippled into small stream in 3 distinct areas within 3m of the point) | Z53: water bottle | AA53: 2000 | AB53: mL | AC53: 10 | AD53: none | AE53: PT3H | AP53: 0.45 | AS53: cellulose ester | AT53: Whatman | AY53: -18 | BF53: enzymatic | BG53: column-based | BH53: https://mbmg.pensoft.net/article/24556/ | BI53: Mu DNA | BJ53: https://mbmg.pensoft.net/article/24556/ | BK53: 0 | BQ53: 1 | BS53: 12S-V5 | BU53: Hot, sunny
A54: 04EB | B54: negative control | C54: extraction negative | E54: =_xlfn.CONCAT(projectMetadata!$D$8,"_",sampleMetadata!A54) -> CROP_2024_04EB | F54: =LEFT(A54,9) -> 04EB | G54: =F54 -> 04EB | BF54: enzymatic | BG54: column-based | BH54: https://mbmg.pensoft.net/article/24556/ | BI54: Mu DNA | BJ54: https://mbmg.pensoft.net/article/24556/ | BK54: 0 | BQ54: 1 | BS54: 12S-V5 | BU54: Hot, sunny
A55: 04FB | B55: negative control | C55: field negative | E55: =_xlfn.CONCAT(projectMetadata!$D$8,"_",sampleMetadata!A55) -> CROP_2024_04FB | F55: =LEFT(A55,9) -> 04FB | G55: =F55 -> 04FB | AP55: 0.45 | AS55: cellulose ester | AT55: Whatman | AY55: -18 | BF55: enzymatic | BG55: column-based | BH55: https://mbmg.pensoft.net/article/24556/ | BI55: Mu DNA | BJ55: https://mbmg.pensoft.net/article/24556/ | BK55: 0 | BQ55: 1 | BS55: 12S-V5 | BU55: Overcast
A56: 0501 | B56: sample | E56: =_xlfn.CONCAT(projectMetadata!$D$8,"_",sampleMetadata!A56) -> CROP_2024_0501 | F56: =LEFT(A56,9) -> 0501 | G56: =F56 -> 0501 | H56: CROP_05EB, CROP_05FB, NEG05, POS05 | J56: -0.81100264 | K56: 54.305806 | P56: United Kingdom, Cropton | Q56: 45434.559 | R56: PT2M | U56: freshwater wetland ecosystem [ENVO_00000243] | V56: shrub layer [ENVO:01000336] | W56: fresh water [ENVO:00002011] | X56: 0 | Y56: Water sample (2L bottle dippled into small stream in 3 distinct areas within 3m of the point) | Z56: water bottle | AA56: 2000 | AB56: mL | AC56: 10 | AD56: none | AE56: PT3H | AP56: 0.45 | AS56: cellulose ester | AT56: Whatman | AY56: -18 | BF56: enzymatic | BG56: column-based | BH56: https://mbmg.pensoft.net/article/24556/ | BI56: Mu DNA | BJ56: https://mbmg.pensoft.net/article/24556/ | BK56: 0 | BQ56: 1 | BS56: 12S-V5 | BU56: Overcast
A57: 0502 | B57: sample | E57: =_xlfn.CONCAT(projectMetadata!$D$8,"_",sampleMetadata!A57) -> CROP_2024_0502 | F57: =LEFT(A57,9) -> 0502 | G57: =F57 -> 0502 | H57: CROP_05EB, CROP_05FB, NEG05, POS05 | J57: -0.80960976 | K57: 54.306325 | P57: United Kingdom, Cropton | Q57: 45434.562 | R57: PT2M | U57: freshwater wetland ecosystem [ENVO_00000243] | V57: shrub layer [ENVO:01000336] | W57: fresh water [ENVO:00002011] | X57: 0 | Y57: Water sample (2L bottle dippled into small stream in 3 distinct areas within 3m of the point) | Z57: water bottle | AA57: 2000 | AB57: mL | AC57: 10 | AD57: none | AE57: PT3H | AP57: 0.45 | AS57: cellulose ester | AT57: Whatman | AY57: -18 | BF57: enzymatic | BG57: column-based | BH57: https://mbmg.pensoft.net/article/24556/ | BI57: Mu DNA | BJ57: https://mbmg.pensoft.net/article/24556/ | BK57: 0 | BQ57: 1 | BS57: 12S-V5 | BU57: Overcast
A58: 0503 | B58: sample | E58: =_xlfn.CONCAT(projectMetadata!$D$8,"_",sampleMetadata!A58) -> CROP_2024_0503 | F58: =LEFT(A58,9) -> 0503 | G58: =F58 -> 0503 | H58: CROP_05EB, CROP_05FB, NEG05, POS05 | J58: -0.81187299 | K58: 54.305987 | P58: United Kingdom, Cropton | Q58: 45434.549 | R58: PT2M | U58: freshwater wetland ecosystem [ENVO_00000243] | V58: shrub layer [ENVO:01000336] | W58: fresh water [ENVO:00002011] | X58: 0 | Y58: Water sample (2L bottle dippled into small stream in 3 distinct areas within 3m of the point) | Z58: water bottle | AA58: 2000 | AB58: mL | AC58: 10 | AD58: none | AE58: PT3H | AP58: 0.45 | AS58: cellulose ester | AT58: Whatman | AY58: -18 | BF58: enzymatic | BG58: column-based | BH58: https://mbmg.pensoft.net/article/24556/ | BI58: Mu DNA | BJ58: https://mbmg.pensoft.net/article/24556/ | BK58: 0 | BQ58: 1 | BS58: 12S-V5 | BU58: Overcast
A59: 0504 | B59: sample | E59: =_xlfn.CONCAT(projectMetadata!$D$8,"_",sampleMetadata!A59) -> CROP_2024_0504 | F59: =LEFT(A59,9) -> 0504 | H59: CROP_05EB, CROP_05FB, NEG05, POS05 | J59: -0.8115562 | K59: 54.305646 | P59: United Kingdom, Cropton | Q59: 45434.542 | R59: PT2M | U59: freshwater wetland ecosystem [ENVO_00000243] | V59: shrub layer [ENVO:01000336] | W59: fresh water [ENVO:00002011] | X59: 0 | Y59: Water sample (2L bottle dippled into small stream in 3 distinct areas within 3m of the point) | Z59: water bottle | AA59: 2000 | AB59: mL | AC59: 10 | AD59: none | AE59: PT3H | AP59: 0.45 | AS59: cellulose ester | AT59: Whatman | AY59: -18 | BF59: enzymatic | BG59: column-based | BH59: https://mbmg.pensoft.net/article/24556/ | BI59: Mu DNA | BJ59: https://mbmg.pensoft.net/article/24556/ | BK59: 0 | BQ59: 1 | BS59: 12S-V5 | BU59: Overcast
A60: 0505 | B60: sample | E60: =_xlfn.CONCAT(projectMetadata!$D$8,"_",sampleMetadata!A60) -> CROP_2024_0505 | F60: =LEFT(A60,9) -> 0505 | H60: CROP_05EB, CROP_05FB, NEG05, POS05 | J60: -0.81322506 | K60: 54.30521 | P60: United Kingdom, Cropton | Q60: 45434.535 | R60: PT2M | U60: freshwater wetland ecosystem [ENVO_00000243] | V60: shrub layer [ENVO:01000336] | W60: fresh water [ENVO:00002011] | X60: 0 | Y60: Water sample (2L bottle dippled into small stream in 3 distinct areas within 3m of the point) | Z60: water bottle | AA60: 2000 | AB60: mL | AC60: 10 | AD60: none | AE60: PT3H | AP60: 0.45 | AS60: cellulose ester | AT60: Whatman | AY60: -18 | BF60: enzymatic | BG60: column-based | BH60: https://mbmg.pensoft.net/article/24556/ | BI60: Mu DNA | BJ60: https://mbmg.pensoft.net/article/24556/ | BK60: 0 | BQ60: 1 | BS60: 12S-V5 | BU60: Drizzle
A61: 0506 | B61: sample | E61: =_xlfn.CONCAT(projectMetadata!$D$8,"_",sampleMetadata!A61) -> CROP_2024_0506 | F61: =LEFT(A61,9) -> 0506 | H61: CROP_05EB, CROP_05FB, NEG05, POS05 | J61: -0.81573976 | K61: 54.304996 | P61: United Kingdom, Cropton | Q61: 45434.524 | R61: PT2M | U61: freshwater wetland ecosystem [ENVO_00000243] | V61: shrub layer [ENVO:01000336] | W61: fresh water [ENVO:00002011] | X61: 0 | Y61: Water sample (2L bottle dippled into small stream in 3 distinct areas within 3m of the point) | Z61: water bottle | AA61: 2000 | AB61: mL | AC61: 10 | AD61: none | AE61: PT3H | AP61: 0.45 | AS61: cellulose ester | AT61: Whatman | AY61: -18 | BF61: enzymatic | BG61: column-based | BH61: https://mbmg.pensoft.net/article/24556/ | BI61: Mu DNA | BJ61: https://mbmg.pensoft.net/article/24556/ | BK61: 0 | BQ61: 1 | BS61: 12S-V5 | BU61: Dry, cloudy
A62: 0507 | B62: sample | E62: =_xlfn.CONCAT(projectMetadata!$D$8,"_",sampleMetadata!A62) -> CROP_2024_0507 | F62: =LEFT(A62,9) -> 0507 | H62: CROP_05EB, CROP_05FB, NEG05, POS05 | J62: -0.81746413 | K62: 54.304684 | P62: United Kingdom, Cropton | Q62: 45434.521 | R62: PT2M | U62: freshwater wetland ecosystem [ENVO_00000243] | V62: shrub layer [ENVO:01000336] | W62: fresh water [ENVO:00002011] | X62: 0 | Y62: Water sample (2L bottle dippled into small stream in 3 distinct areas within 3m of the point) | Z62: water bottle | AA62: 2000 | AB62: mL | AC62: 10 | AD62: none | AE62: PT3H | AP62: 0.45 | AS62: cellulose ester | AT62: Whatman | AY62: -18 | BF62: enzymatic | BG62: column-based | BH62: https://mbmg.pensoft.net/article/24556/ | BI62: Mu DNA | BJ62: https://mbmg.pensoft.net/article/24556/ | BK62: 0 | BQ62: 1 | BS62: 12S-V5 | BU62: Hot, sunny
A63: 0508 | B63: sample | E63: =_xlfn.CONCAT(projectMetadata!$D$8,"_",sampleMetadata!A63) -> CROP_2024_0508 | F63: =LEFT(A63,9) -> 0508 | H63: CROP_05EB, CROP_05FB, NEG05, POS05 | J63: -0.81789849 | K63: 54.304594 | P63: United Kingdom, Cropton | Q63: 45434.514 | R63: PT2M | U63: freshwater wetland ecosystem [ENVO_00000243] | V63: shrub layer [ENVO:01000336] | W63: fresh water [ENVO:00002011] | X63: 0 | Y63: Water sample (2L bottle dippled into small stream in 3 distinct areas within 3m of the point) | Z63: water bottle | AA63: 2000 | AB63: mL | AC63: 10 | AD63: none | AE63: PT3H | AP63: 0.45 | AS63: cellulose ester | AT63: Whatman | AY63: -18 | BF63: enzymatic | BG63: column-based | BH63: https://mbmg.pensoft.net/article/24556/ | BI63: Mu DNA | BJ63: https://mbmg.pensoft.net/article/24556/ | BK63: 0 | BQ63: 1 | BS63: 12S-V5 | BU63: Moist, overcast
A64: 0509 | B64: sample | E64: =_xlfn.CONCAT(projectMetadata!$D$8,"_",sampleMetadata!A64) -> CROP_2024_0509 | F64: =LEFT(A64,9) -> 0509 | H64: CROP_05EB, CROP_05FB, NEG05, POS05 | J64: -0.81844389 | K64: 54.30436 | P64: United Kingdom, Cropton | Q64: 45434.507 | R64: PT2M | U64: freshwater wetland ecosystem [ENVO_00000243] | V64: shrub layer [ENVO:01000336] | W64: fresh water [ENVO:00002011] | X64: 0 | Y64: Water sample (2L bottle dippled into small stream in 3 distinct areas within 3m of the point) | Z64: water bottle | AA64: 2000 | AB64: mL | AC64: 10 | AD64: none | AE64: PT3H | AP64: 0.45 | AS64: cellulose ester | AT64: Whatman | AY64: -18 | BF64: enzymatic | BG64: column-based | BH64: https://mbmg.pensoft.net/article/24556/ | BI64: Mu DNA | BJ64: https://mbmg.pensoft.net/article/24556/ | BK64: 0 | BQ64: 1 | BS64: 12S-V5
A65: 0510 | B65: sample | E65: =_xlfn.CONCAT(projectMetadata!$D$8,"_",sampleMetadata!A65) -> CROP_2024_0510 | F65: =LEFT(A65,9) -> 0510 | H65: CROP_05EB, CROP_05FB, NEG05, POS05 | J65: -0.81895989 | K65: 54.304236 | P65: United Kingdom, Cropton | Q65: 45434.497 | R65: PT2M | U65: freshwater wetland ecosystem [ENVO_00000243] | V65: shrub layer [ENVO:01000336] | W65: fresh water [ENVO:00002011] | X65: 0 | Y65: Water sample (2L bottle dippled into small stream in 3 distinct areas within 3m of the point) | Z65: water bottle | AA65: 2000 | AB65: mL | AC65: 10 | AD65: none | AE65: PT3H | AP65: 0.45 | AS65: cellulose ester | AT65: Whatman | AY65: -18 | BF65: enzymatic | BG65: column-based | BH65: https://mbmg.pensoft.net/article/24556/ | BI65: Mu DNA | BJ65: https://mbmg.pensoft.net/article/24556/ | BK65: 0 | BQ65: 1 | BS65: 12S-V5
A66: 0511 | B66: sample | E66: =_xlfn.CONCAT(projectMetadata!$D$8,"_",sampleMetadata!A66) -> CROP_2024_0511 | F66: =LEFT(A66,9) -> 0511 | H66: CROP_05EB, CROP_05FB, NEG05, POS05 | J66: -0.819925 | K66: 54.304091 | P66: United Kingdom, Cropton | Q66: 45434.424 | R66: PT2M | U66: freshwater wetland ecosystem [ENVO_00000243] | V66: shrub layer [ENVO:01000336] | W66: fresh water [ENVO:00002011] | X66: 0 | Y66: Water sample (2L bottle dippled into small stream in 3 distinct areas within 3m of the point) | Z66: water bottle | AA66: 2000 | AB66: mL | AC66: 10 | AD66: none | AE66: PT3H | AP66: 0.45 | AS66: cellulose ester | AT66: Whatman | AY66: -18 | BF66: enzymatic | BG66: column-based | BH66: https://mbmg.pensoft.net/article/24556/ | BI66: Mu DNA | BJ66: https://mbmg.pensoft.net/article/24556/ | BK66: 0 | BQ66: 1 | BS66: 12S-V5
A67: 0512 | B67: sample | E67: =_xlfn.CONCAT(projectMetadata!$D$8,"_",sampleMetadata!A67) -> CROP_2024_0512 | F67: =LEFT(A67,9) -> 0512 | H67: CROP_05EB, CROP_05FB, NEG05, POS05 | J67: -0.829613 | K67: 54.303712 | P67: United Kingdom, Cropton | Q67: 45434.417 | R67: PT2M | U67: freshwater wetland ecosystem [ENVO_00000243] | V67: shrub layer [ENVO:01000336] | W67: fresh water [ENVO:00002011] | X67: 0 | Y67: Water sample (2L bottle dippled into small stream in 3 distinct areas within 3m of the point) | Z67: water bottle | AA67: 2000 | AB67: mL | AC67: 10 | AD67: none | AE67: PT3H | AP67: 0.45 | AS67: cellulose ester | AT67: Whatman | AY67: -18 | BF67: enzymatic | BG67: column-based | BH67: https://mbmg.pensoft.net/article/24556/ | BI67: Mu DNA | BJ67: https://mbmg.pensoft.net/article/24556/ | BK67: 0 | BQ67: 1 | BS67: 12S-V5
A68: 0514 | B68: sample | E68: =_xlfn.CONCAT(projectMetadata!$D$8,"_",sampleMetadata!A68) -> CROP_2024_0514 | F68: =LEFT(A68,9) -> 0514 | H68: CROP_05EB, CROP_05FB, NEG05, POS05 | J68: -0.845707 | K68: 54.295705 | P68: United Kingdom, Cropton | Q68: 45434.399 | R68: PT2M | U68: freshwater wetland ecosystem [ENVO_00000243] | V68: shrub layer [ENVO:01000336] | W68: fresh water [ENVO:00002011] | X68: 0 | Y68: Water sample (2L bottle dippled into small stream in 3 distinct areas within 3m of the point) | Z68: water bottle | AA68: 2000 | AB68: mL | AC68: 10 | AD68: none | AE68: PT3H | AP68: 0.45 | AS68: cellulose ester | AT68: Whatman | AY68: -18 | BF68: enzymatic | BG68: column-based | BH68: https://mbmg.pensoft.net/article/24556/ | BI68: Mu DNA | BJ68: https://mbmg.pensoft.net/article/24556/ | BK68: 0 | BQ68: 1 | BS68: 12S-V5
A69: 05EB | B69: negative control | C69: extraction negative | E69: =_xlfn.CONCAT(projectMetadata!$D$8,"_",sampleMetadata!A69) -> CROP_2024_05EB | F69: =LEFT(A69,9) -> 05EB | BF69: enzymatic | BG69: column-based | BH69: https://mbmg.pensoft.net/article/24556/ | BI69: Mu DNA | BJ69: https://mbmg.pensoft.net/article/24556/ | BK69: 0 | BQ69: 1 | BS69: 12S-V5
A70: 05FB | B70: negative control | C70: field negative | E70: =_xlfn.CONCAT(projectMetadata!$D$8,"_",sampleMetadata!A70) -> CROP_2024_05FB | F70: =LEFT(A70,9) -> 05FB | AP70: 0.45 | AS70: cellulose ester | AT70: Whatman | AY70: -18 | BF70: enzymatic | BG70: column-based | BH70: https://mbmg.pensoft.net/article/24556/ | BI70: Mu DNA | BJ70: https://mbmg.pensoft.net/article/24556/ | BK70: 0 | BQ70: 1 | BS70: 12S-V5
A71: 0601 | B71: sample | E71: =_xlfn.CONCAT(projectMetadata!$D$8,"_",sampleMetadata!A71) -> CROP_2024_0601 | F71: =LEFT(A71,9) -> 0601 | H71: CROP_06EB, CROP_06FB, NEG03, POS03 | J71: -0.81100264 | K71: 54.305806 | P71: United Kingdom, Cropton | Q71: 45453.5 | R71: PT2M | U71: freshwater wetland ecosystem [ENVO_00000243] | V71: shrub layer [ENVO:01000336] | W71: fresh water [ENVO:00002011] | X71: 0 | Y71: Water sample (2L bottle dippled into small stream in 3 distinct areas within 3m of the point) | Z71: water bottle | AA71: 2000 | AB71: mL | AC71: 10 | AD71: none | AE71: PT3H | AP71: 0.45 | AS71: cellulose ester | AT71: Whatman | AY71: -18 | BF71: enzymatic | BG71: column-based | BH71: https://mbmg.pensoft.net/article/24556/ | BI71: Mu DNA | BJ71: https://mbmg.pensoft.net/article/24556/ | BK71: 0 | BQ71: 1 | BS71: 12S-V5
A72: 0602 | B72: sample | E72: =_xlfn.CONCAT(projectMetadata!$D$8,"_",sampleMetadata!A72) -> CROP_2024_0602 | F72: =LEFT(A72,9) -> 0602 | H72: CROP_06EB, CROP_06FB, NEG03, POS03 | J72: -0.80960976 | K72: 54.306325 | P72: United Kingdom, Cropton | Q72: 45453.507 | R72: PT2M | U72: freshwater wetland ecosystem [ENVO_00000243] | V72: shrub layer [ENVO:01000336] | W72: fresh water [ENVO:00002011] | X72: 0 | Y72: Water sample (2L bottle dippled into small stream in 3 distinct areas within 3m of the point) | Z72: water bottle | AA72: 2000 | AB72: mL | AC72: 10 | AD72: none | AE72: PT3H | AP72: 0.45 | AS72: cellulose ester | AT72: Whatman | AY72: -18 | BF72: enzymatic | BG72: column-based | BH72: https://mbmg.pensoft.net/article/24556/ | BI72: Mu DNA | BJ72: https://mbmg.pensoft.net/article/24556/ | BK72: 0 | BQ72: 1 | BS72: 12S-V5
A73: 0603 | B73: sample | E73: =_xlfn.CONCAT(projectMetadata!$D$8,"_",sampleMetadata!A73) -> CROP_2024_0603 | F73: =LEFT(A73,9) -> 0603 | H73: CROP_06EB, CROP_06FB, NEG03, POS03 | J73: -0.81187299 | K73: 54.305987 | P73: United Kingdom, Cropton | Q73: 45453.49 | R73: PT2M | U73: freshwater wetland ecosystem [ENVO_00000243] | V73: shrub layer [ENVO:01000336] | W73: fresh water [ENVO:00002011] | X73: 0 | Y73: Water sample (2L bottle dippled into small stream in 3 distinct areas within 3m of the point) | Z73: water bottle | AA73: 2000 | AB73: mL | AC73: 10 | AD73: none | AE73: PT3H | AP73: 0.45 | AS73: cellulose ester | AT73: Whatman | AY73: -18 | BF73: enzymatic | BG73: column-based | BH73: https://mbmg.pensoft.net/article/24556/ | BI73: Mu DNA | BJ73: https://mbmg.pensoft.net/article/24556/ | BK73: 0 | BQ73: 1 | BS73: 12S-V5
A74: 0604 | B74: sample | E74: =_xlfn.CONCAT(projectMetadata!$D$8,"_",sampleMetadata!A74) -> CROP_2024_0604 | F74: =LEFT(A74,9) -> 0604 | H74: CROP_06EB, CROP_06FB, NEG03, POS03 | J74: -0.8115562 | K74: 54.305646 | P74: United Kingdom, Cropton | Q74: 45453.483 | R74: PT2M | U74: freshwater wetland ecosystem [ENVO_00000243] | V74: shrub layer [ENVO:01000336] | W74: fresh water [ENVO:00002011] | X74: 0 | Y74: Water sample (2L bottle dippled into small stream in 3 distinct areas within 3m of the point) | Z74: water bottle | AA74: 2000 | AB74: mL | AC74: 10 | AD74: none | AE74: PT3H | AP74: 0.45 | AS74: cellulose ester | AT74: Whatman | AY74: -18 | BF74: enzymatic | BG74: column-based | BH74: https://mbmg.pensoft.net/article/24556/ | BI74: Mu DNA | BJ74: https://mbmg.pensoft.net/article/24556/ | BK74: 0 | BQ74: 1 | BS74: 12S-V5
A75: 0605 | B75: sample | E75: =_xlfn.CONCAT(projectMetadata!$D$8,"_",sampleMetadata!A75) -> CROP_2024_0605 | F75: =LEFT(A75,9) -> 0605 | H75: CROP_06EB, CROP_06FB, NEG03, POS03 | J75: -0.81322506 | K75: 54.30521 | P75: United Kingdom, Cropton | Q75: 45453.476 | R75: PT2M | U75: freshwater wetland ecosystem [ENVO_00000243] | V75: shrub layer [ENVO:01000336] | W75: fresh water [ENVO:00002011] | X75: 0 | Y75: Water sample (2L bottle dippled into small stream in 3 distinct areas within 3m of the point) | Z75: water bottle | AA75: 2000 | AB75: mL | AC75: 10 | AD75: none | AE75: PT3H | AP75: 0.45 | AS75: cellulose ester | AT75: Whatman | AY75: -18 | BF75: enzymatic | BG75: column-based | BH75: https://mbmg.pensoft.net/article/24556/ | BI75: Mu DNA | BJ75: https://mbmg.pensoft.net/article/24556/ | BK75: 0 | BQ75: 1 | BS75: 12S-V5
A76: 0606 | B76: sample | E76: =_xlfn.CONCAT(projectMetadata!$D$8,"_",sampleMetadata!A76) -> CROP_2024_0606 | F76: =LEFT(A76,9) -> 0606 | H76: CROP_06EB, CROP_06FB, NEG03, POS03 | J76: -0.81573976 | K76: 54.304996 | P76: United Kingdom, Cropton | Q76: 45453.465 | R76: PT2M | U76: freshwater wetland ecosystem [ENVO_00000243] | V76: shrub layer [ENVO:01000336] | W76: fresh water [ENVO:00002011] | X76: 0 | Y76: Water sample (2L bottle dippled into small stream in 3 distinct areas within 3m of the point) | Z76: water bottle | AA76: 2000 | AB76: mL | AC76: 10 | AD76: none | AE76: PT3H | AP76: 0.45 | AS76: cellulose ester | AT76: Whatman | AY76: -18 | BF76: enzymatic | BG76: column-based | BH76: https://mbmg.pensoft.net/article/24556/ | BI76: Mu DNA | BJ76: https://mbmg.pensoft.net/article/24556/ | BK76: 0 | BQ76: 1 | BS76: 12S-V5
A77: 0607 | B77: sample | E77: =_xlfn.CONCAT(projectMetadata!$D$8,"_",sampleMetadata!A77) -> CROP_2024_0607 | F77: =LEFT(A77,9) -> 0607 | H77: CROP_06EB, CROP_06FB, NEG03, POS03 | J77: -0.81746413 | K77: 54.304684 | P77: United Kingdom, Cropton | Q77: 45453.462 | R77: PT2M | U77: freshwater wetland ecosystem [ENVO_00000243] | V77: shrub layer [ENVO:01000336] | W77: fresh water [ENVO:00002011] | X77: 0 | Y77: Water sample (2L bottle dippled into small stream in 3 distinct areas within 3m of the point) | Z77: water bottle | AA77: 2000 | AB77: mL | AC77: 10 | AD77: none | AE77: PT3H | AP77: 0.45 | AS77: cellulose ester | AT77: Whatman | AY77: -18 | BF77: enzymatic | BG77: column-based | BH77: https://mbmg.pensoft.net/article/24556/ | BI77: Mu DNA | BJ77: https://mbmg.pensoft.net/article/24556/ | BK77: 0 | BQ77: 1 | BS77: 12S-V5
A78: 0608 | B78: sample | E78: =_xlfn.CONCAT(projectMetadata!$D$8,"_",sampleMetadata!A78) -> CROP_2024_0608 | F78: =LEFT(A78,9) -> 0608 | H78: CROP_06EB, CROP_06FB, NEG03, POS03 | J78: -0.81789849 | K78: 54.304594 | P78: United Kingdom, Cropton | Q78: 45453.458 | R78: PT2M | U78: freshwater wetland ecosystem [ENVO_00000243] | V78: shrub layer [ENVO:01000336] | W78: fresh water [ENVO:00002011] | X78: 0 | Y78: Water sample (2L bottle dippled into small stream in 3 distinct areas within 3m of the point) | Z78: water bottle | AA78: 2000 | AB78: mL | AC78: 10 | AD78: none | AE78: PT3H | AP78: 0.45 | AS78: cellulose ester | AT78: Whatman | AY78: -18 | BF78: enzymatic | BG78: column-based | BH78: https://mbmg.pensoft.net/article/24556/ | BI78: Mu DNA | BJ78: https://mbmg.pensoft.net/article/24556/ | BK78: 0 | BQ78: 1 | BS78: 12S-V5
A79: 0609 | B79: sample | E79: =_xlfn.CONCAT(projectMetadata!$D$8,"_",sampleMetadata!A79) -> CROP_2024_0609 | F79: =LEFT(A79,9) -> 0609 | H79: CROP_06EB, CROP_06FB, NEG03, POS03 | J79: -0.81844389 | K79: 54.30436 | P79: United Kingdom, Cropton | Q79: 45453.451 | R79: PT2M | U79: freshwater wetland ecosystem [ENVO_00000243] | V79: shrub layer [ENVO:01000336] | W79: fresh water [ENVO:00002011] | X79: 0 | Y79: Water sample (2L bottle dippled into small stream in 3 distinct areas within 3m of the point) | Z79: water bottle | AA79: 2000 | AB79: mL | AC79: 10 | AD79: none | AE79: PT3H | AP79: 0.45 | AS79: cellulose ester | AT79: Whatman | AY79: -18 | BF79: enzymatic | BG79: column-based | BH79: https://mbmg.pensoft.net/article/24556/ | BI79: Mu DNA | BJ79: https://mbmg.pensoft.net/article/24556/ | BK79: 0 | BQ79: 1 | BS79: 12S-V5
A80: 0610 | B80: sample | E80: =_xlfn.CONCAT(projectMetadata!$D$8,"_",sampleMetadata!A80) -> CROP_2024_0610 | F80: =LEFT(A80,9) -> 0610 | H80: CROP_06EB, CROP_06FB, NEG03, POS03 | J80: -0.81895989 | K80: 54.304236 | P80: United Kingdom, Cropton | Q80: 45453.444 | R80: PT2M | U80: freshwater wetland ecosystem [ENVO_00000243] | V80: shrub layer [ENVO:01000336] | W80: fresh water [ENVO:00002011] | X80: 0 | Y80: Water sample (2L bottle dippled into small stream in 3 distinct areas within 3m of the point) | Z80: water bottle | AA80: 2000 | AB80: mL | AC80: 10 | AD80: none | AE80: PT3H | AP80: 0.45 | AS80: cellulose ester | AT80: Whatman | AY80: -18 | BF80: enzymatic | BG80: column-based | BH80: https://mbmg.pensoft.net/article/24556/ | BI80: Mu DNA | BJ80: https://mbmg.pensoft.net/article/24556/ | BK80: 0 | BQ80: 1 | BS80: 12S-V5
A81: 06EB | B81: negative control | C81: extraction negative | E81: =_xlfn.CONCAT(projectMetadata!$D$8,"_",sampleMetadata!A81) -> CROP_2024_06EB | F81: =LEFT(A81,9) -> 06EB | BF81: enzymatic | BG81: column-based | BH81: https://mbmg.pensoft.net/article/24556/ | BI81: Mu DNA | BJ81: https://mbmg.pensoft.net/article/24556/ | BK81: 0 | BQ81: 1 | BS81: 12S-V5
A82: 06FB | B82: negative control | C82: field negative | E82: =_xlfn.CONCAT(projectMetadata!$D$8,"_",sampleMetadata!A82) -> CROP_2024_06FB | F82: =LEFT(A82,9) -> 06FB | AP82: 0.45 | AS82: cellulose ester | AT82: Whatman | AY82: -18 | BF82: enzymatic | BG82: column-based | BH82: https://mbmg.pensoft.net/article/24556/ | BI82: Mu DNA | BJ82: https://mbmg.pensoft.net/article/24556/ | BK82: 0 | BQ82: 1 | BS82: 12S-V5
A83: 0701 | B83: sample | E83: =_xlfn.CONCAT(projectMetadata!$D$8,"_",sampleMetadata!A83) -> CROP_2024_0701 | F83: =LEFT(A83,9) -> 0701 | H83: CROP_07EB, CROP_07FB, NEG03, POS03 | J83: -0.81100264 | K83: 54.305806 | P83: United Kingdom, Cropton | Q83: 45490.566 | R83: PT2M | U83: freshwater wetland ecosystem [ENVO_00000243] | V83: shrub layer [ENVO:01000336] | W83: fresh water [ENVO:00002011] | X83: 0 | Y83: Water sample (2L bottle dippled into small stream in 3 distinct areas within 3m of the point) | Z83: water bottle | AA83: 2000 | AB83: mL | AC83: 10 | AD83: none | AE83: PT3H | AP83: 0.45 | AS83: cellulose ester | AT83: Whatman | AY83: -18 | BF83: enzymatic | BG83: column-based | BH83: https://mbmg.pensoft.net/article/24556/ | BI83: Mu DNA | BJ83: https://mbmg.pensoft.net/article/24556/ | BK83: 0 | BQ83: 1 | BS83: 12S-V5
A84: 0702 | B84: sample | E84: =_xlfn.CONCAT(projectMetadata!$D$8,"_",sampleMetadata!A84) -> CROP_2024_0702 | F84: =LEFT(A84,9) -> 0702 | H84: CROP_07EB, CROP_07FB, NEG03, POS03 | J84: -0.80960976 | K84: 54.306325 | P84: United Kingdom, Cropton | Q84: 45490.573 | R84: PT2M | U84: freshwater wetland ecosystem [ENVO_00000243] | V84: shrub layer [ENVO:01000336] | W84: fresh water [ENVO:00002011] | X84: 0 | Y84: Water sample (2L bottle dippled into small stream in 3 distinct areas within 3m of the point) | Z84: water bottle | AA84: 2000 | AB84: mL | AC84: 10 | AD84: none | AE84: PT3H | AP84: 0.45 | AS84: cellulose ester | AT84: Whatman | AY84: -18 | BF84: enzymatic | BG84: column-based | BH84: https://mbmg.pensoft.net/article/24556/ | BI84: Mu DNA | BJ84: https://mbmg.pensoft.net/article/24556/ | BK84: 0 | BQ84: 1 | BS84: 12S-V5
A85: 0703 | B85: sample | E85: =_xlfn.CONCAT(projectMetadata!$D$8,"_",sampleMetadata!A85) -> CROP_2024_0703 | F85: =LEFT(A85,9) -> 0703 | H85: CROP_07EB, CROP_07FB, NEG03, POS03 | J85: -0.81187299 | K85: 54.305987 | P85: United Kingdom, Cropton | Q85: 45490.556 | R85: PT2M | U85: freshwater wetland ecosystem [ENVO_00000243] | V85: shrub layer [ENVO:01000336] | W85: fresh water [ENVO:00002011] | X85: 0 | Y85: Water sample (2L bottle dippled into small stream in 3 distinct areas within 3m of the point) | Z85: water bottle | AA85: 2000 | AB85: mL | AC85: 10 | AD85: none | AE85: PT3H | AP85: 0.45 | AS85: cellulose ester | AT85: Whatman | AY85: -18 | BF85: enzymatic | BG85: column-based | BH85: https://mbmg.pensoft.net/article/24556/ | BI85: Mu DNA | BJ85: https://mbmg.pensoft.net/article/24556/ | BK85: 0 | BQ85: 1 | BS85: 12S-V5
A86: 0704 | B86: sample | E86: =_xlfn.CONCAT(projectMetadata!$D$8,"_",sampleMetadata!A86) -> CROP_2024_0704 | F86: =LEFT(A86,9) -> 0704 | H86: CROP_07EB, CROP_07FB, NEG03, POS03 | J86: -0.8115562 | K86: 54.305646 | P86: United Kingdom, Cropton | Q86: 45490.549 | R86: PT2M | U86: freshwater wetland ecosystem [ENVO_00000243] | V86: shrub layer [ENVO:01000336] | W86: fresh water [ENVO:00002011] | X86: 0 | Y86: Water sample (2L bottle dippled into small stream in 3 distinct areas within 3m of the point) | Z86: water bottle | AA86: 2000 | AB86: mL | AC86: 10 | AD86: none | AE86: PT3H | AP86: 0.45 | AS86: cellulose ester | AT86: Whatman | AY86: -18 | BF86: enzymatic | BG86: column-based | BH86: https://mbmg.pensoft.net/article/24556/ | BI86: Mu DNA | BJ86: https://mbmg.pensoft.net/article/24556/ | BK86: 0 | BQ86: 1 | BS86: 12S-V5
A87: 0705 | B87: sample | E87: =_xlfn.CONCAT(projectMetadata!$D$8,"_",sampleMetadata!A87) -> CROP_2024_0705 | F87: =LEFT(A87,9) -> 0705 | H87: CROP_07EB, CROP_07FB, NEG10, POS10 | J87: -0.81322506 | K87: 54.30521 | P87: United Kingdom, Cropton | Q87: 45490.535 | R87: PT2M | U87: freshwater wetland ecosystem [ENVO_00000243] | V87: shrub layer [ENVO:01000336] | W87: fresh water [ENVO:00002011] | X87: 0 | Y87: Water sample (2L bottle dippled into small stream in 3 distinct areas within 3m of the point) | Z87: water bottle | AA87: 2000 | AB87: mL | AC87: 10 | AD87: none | AE87: PT3H | AP87: 0.45 | AS87: cellulose ester | AT87: Whatman | AY87: -18 | BF87: enzymatic | BG87: column-based | BH87: https://mbmg.pensoft.net/article/24556/ | BI87: Mu DNA | BJ87: https://mbmg.pensoft.net/article/24556/ | BK87: 0 | BQ87: 1 | BS87: 12S-V5
A88: 0706 | B88: sample | E88: =_xlfn.CONCAT(projectMetadata!$D$8,"_",sampleMetadata!A88) -> CROP_2024_0706 | F88: =LEFT(A88,9) -> 0706 | H88: CROP_07EB, CROP_07FB, NEG10, POS10 | J88: -0.81573976 | K88: 54.304996 | P88: United Kingdom, Cropton | Q88: 45490.521 | R88: PT2M | U88: freshwater wetland ecosystem [ENVO_00000243] | V88: shrub layer [ENVO:01000336] | W88: fresh water [ENVO:00002011] | X88: 0 | Y88: Water sample (2L bottle dippled into small stream in 3 distinct areas within 3m of the point) | Z88: water bottle | AA88: 2000 | AB88: mL | AC88: 10 | AD88: none | AE88: PT3H | AP88: 0.45 | AS88: cellulose ester | AT88: Whatman | AY88: -18 | BF88: enzymatic | BG88: column-based | BH88: https://mbmg.pensoft.net/article/24556/ | BI88: Mu DNA | BJ88: https://mbmg.pensoft.net/article/24556/ | BK88: 0 | BQ88: 1 | BS88: 12S-V5
A89: 0707 | B89: sample | E89: =_xlfn.CONCAT(projectMetadata!$D$8,"_",sampleMetadata!A89) -> CROP_2024_0707 | F89: =LEFT(A89,9) -> 0707 | H89: CROP_07EB, CROP_07FB, NEG03, POS03 | J89: -0.81746413 | K89: 54.304684 | P89: United Kingdom, Cropton | Q89: 45490.51 | R89: PT2M | U89: freshwater wetland ecosystem [ENVO_00000243] | V89: shrub layer [ENVO:01000336] | W89: fresh water [ENVO:00002011] | X89: 0 | Y89: Water sample (2L bottle dippled into small stream in 3 distinct areas within 3m of the point) | Z89: water bottle | AA89: 2000 | AB89: mL | AC89: 10 | AD89: none | AE89: PT3H | AP89: 0.45 | AS89: cellulose ester | AT89: Whatman | AY89: -18 | BF89: enzymatic | BG89: column-based | BH89: https://mbmg.pensoft.net/article/24556/ | BI89: Mu DNA | BJ89: https://mbmg.pensoft.net/article/24556/ | BK89: 0 | BQ89: 1 | BS89: 12S-V5
A90: 0708 | B90: sample | E90: =_xlfn.CONCAT(projectMetadata!$D$8,"_",sampleMetadata!A90) -> CROP_2024_0708 | F90: =LEFT(A90,9) -> 0708 | H90: CROP_07EB, CROP_07FB, NEG03, POS03 | J90: -0.81789849 | K90: 54.304594 | P90: United Kingdom, Cropton | Q90: 45490.507 | R90: PT2M | U90: freshwater wetland ecosystem [ENVO_00000243] | V90: shrub layer [ENVO:01000336] | W90: fresh water [ENVO:00002011] | X90: 0 | Y90: Water sample (2L bottle dippled into small stream in 3 distinct areas within 3m of the point) | Z90: water bottle | AA90: 2000 | AB90: mL | AC90: 10 | AD90: none | AE90: PT3H | AP90: 0.45 | AS90: cellulose ester | AT90: Whatman | AY90: -18 | BF90: enzymatic | BG90: column-based | BH90: https://mbmg.pensoft.net/article/24556/ | BI90: Mu DNA | BJ90: https://mbmg.pensoft.net/article/24556/ | BK90: 0 | BQ90: 1 | BS90: 12S-V5
A91: 0709 | B91: sample | E91: =_xlfn.CONCAT(projectMetadata!$D$8,"_",sampleMetadata!A91) -> CROP_2024_0709 | F91: =LEFT(A91,9) -> 0709 | H91: CROP_07EB, CROP_07FB, NEG03, POS03 | J91: -0.81844389 | K91: 54.30436 | P91: United Kingdom, Cropton | Q91: 45490.497 | R91: PT2M | U91: freshwater wetland ecosystem [ENVO_00000243] | V91: shrub layer [ENVO:01000336] | W91: fresh water [ENVO:00002011] | X91: 0 | Y91: Water sample (2L bottle dippled into small stream in 3 distinct areas within 3m of the point) | Z91: water bottle | AA91: 2000 | AB91: mL | AC91: 10 | AD91: none | AE91: PT3H | AP91: 0.45 | AS91: cellulose ester | AT91: Whatman | AY91: -18 | BF91: enzymatic | BG91: column-based | BH91: https://mbmg.pensoft.net/article/24556/ | BI91: Mu DNA | BJ91: https://mbmg.pensoft.net/article/24556/ | BK91: 0 | BQ91: 1 | BS91: 12S-V5
A92: 0710 | B92: sample | E92: =_xlfn.CONCAT(projectMetadata!$D$8,"_",sampleMetadata!A92) -> CROP_2024_0710 | F92: =LEFT(A92,9) -> 0710 | H92: CROP_07EB, CROP_07FB, NEG03, POS03 | J92: -0.81895989 | K92: 54.304236 | P92: United Kingdom, Cropton | Q92: 45490.486 | R92: PT2M | U92: freshwater wetland ecosystem [ENVO_00000243] | V92: shrub layer [ENVO:01000336] | W92: fresh water [ENVO:00002011] | X92: 0 | Y92: Water sample (2L bottle dippled into small stream in 3 distinct areas within 3m of the point) | Z92: water bottle | AA92: 2000 | AB92: mL | AC92: 10 | AD92: none | AE92: PT3H | AP92: 0.45 | AS92: cellulose ester | AT92: Whatman | AY92: -18 | BF92: enzymatic | BG92: column-based | BH92: https://mbmg.pensoft.net/article/24556/ | BI92: Mu DNA | BJ92: https://mbmg.pensoft.net/article/24556/ | BK92: 0 | BQ92: 1 | BS92: 12S-V5
A93: 07EB | B93: negative control | C93: extraction negative | E93: =_xlfn.CONCAT(projectMetadata!$D$8,"_",sampleMetadata!A93) -> CROP_2024_07EB | F93: =LEFT(A93,9) -> 07EB | BF93: enzymatic | BG93: column-based | BH93: https://mbmg.pensoft.net/article/24556/ | BI93: Mu DNA | BJ93: https://mbmg.pensoft.net/article/24556/ | BK93: 0 | BQ93: 1 | BS93: 12S-V5
A94: 07FB | B94: negative control | C94: field negative | E94: =_xlfn.CONCAT(projectMetadata!$D$8,"_",sampleMetadata!A94) -> CROP_2024_07FB | F94: =LEFT(A94,9) -> 07FB | AP94: 0.45 | AS94: cellulose ester | AT94: Whatman | AY94: -18 | BF94: enzymatic | BG94: column-based | BH94: https://mbmg.pensoft.net/article/24556/ | BI94: Mu DNA | BJ94: https://mbmg.pensoft.net/article/24556/ | BK94: 0 | BQ94: 1 | BS94: 12S-V5
A95: 0801 | B95: sample | E95: =_xlfn.CONCAT(projectMetadata!$D$8,"_",sampleMetadata!A95) -> CROP_2024_0801 | F95: =LEFT(A95,9) -> 0801 | H95: CROP_08EB, CROP_08FB, NEG06, POS06 | J95: -0.81100264 | K95: 54.305806 | P95: United Kingdom, Cropton | Q95: 45520.59 | R95: PT2M | U95: freshwater wetland ecosystem [ENVO_00000243] | V95: shrub layer [ENVO:01000336] | W95: fresh water [ENVO:00002011] | X95: 0 | Y95: Water sample (2L bottle dippled into small stream in 3 distinct areas within 3m of the point) | Z95: water bottle | AA95: 2000 | AB95: mL | AC95: 10 | AD95: none | AE95: PT3H | AP95: 0.45 | AS95: cellulose ester | AT95: Whatman | AY95: -18 | BF95: enzymatic | BG95: column-based | BH95: https://mbmg.pensoft.net/article/24556/ | BI95: Mu DNA | BJ95: https://mbmg.pensoft.net/article/24556/ | BK95: 0 | BQ95: 1 | BS95: 12S-V5
A96: 0802 | B96: sample | E96: =_xlfn.CONCAT(projectMetadata!$D$8,"_",sampleMetadata!A96) -> CROP_2024_0802 | F96: =LEFT(A96,9) -> 0802 | H96: CROP_08EB, CROP_08FB, NEG06, POS06 | J96: -0.80960976 | K96: 54.306325 | P96: United Kingdom, Cropton | Q96: 45520.597 | R96: PT2M | U96: freshwater wetland ecosystem [ENVO_00000243] | V96: shrub layer [ENVO:01000336] | W96: fresh water [ENVO:00002011] | X96: 0 | Y96: Water sample (2L bottle dippled into small stream in 3 distinct areas within 3m of the point) | Z96: water bottle | AA96: 2000 | AB96: mL | AC96: 10 | AD96: none | AE96: PT3H | AP96: 0.45 | AS96: cellulose ester | AT96: Whatman | AY96: -18 | BF96: enzymatic | BG96: column-based | BH96: https://mbmg.pensoft.net/article/24556/ | BI96: Mu DNA | BJ96: https://mbmg.pensoft.net/article/24556/ | BK96: 0 | BQ96: 1 | BS96: 12S-V5
A97: 0803 | B97: sample | E97: =_xlfn.CONCAT(projectMetadata!$D$8,"_",sampleMetadata!A97) -> CROP_2024_0803 | F97: =LEFT(A97,9) -> 0803 | H97: CROP_08EB, CROP_08FB, NEG06, POS06 | J97: -0.81187299 | K97: 54.305987 | P97: United Kingdom, Cropton | Q97: 45520.576 | R97: PT2M | U97: freshwater wetland ecosystem [ENVO_00000243] | V97: shrub layer [ENVO:01000336] | W97: fresh water [ENVO:00002011] | X97: 0 | Y97: Water sample (2L bottle dippled into small stream in 3 distinct areas within 3m of the point) | Z97: water bottle | AA97: 2000 | AB97: mL | AC97: 10 | AD97: none | AE97: PT3H | AP97: 0.45 | AS97: cellulose ester | AT97: Whatman | AY97: -18 | BF97: enzymatic | BG97: column-based | BH97: https://mbmg.pensoft.net/article/24556/ | BI97: Mu DNA | BJ97: https://mbmg.pensoft.net/article/24556/ | BK97: 0 | BQ97: 1 | BS97: 12S-V5
A98: 0804 | B98: sample | E98: =_xlfn.CONCAT(projectMetadata!$D$8,"_",sampleMetadata!A98) -> CROP_2024_0804 | F98: =LEFT(A98,9) -> 0804 | H98: CROP_08EB, CROP_08FB, NEG06, POS06 | J98: -0.8115562 | K98: 54.305646 | P98: United Kingdom, Cropton | Q98: 45520.566 | R98: PT2M | U98: freshwater wetland ecosystem [ENVO_00000243] | V98: shrub layer [ENVO:01000336] | W98: fresh water [ENVO:00002011] | X98: 0 | Y98: Water sample (2L bottle dippled into small stream in 3 distinct areas within 3m of the point) | Z98: water bottle | AA98: 2000 | AB98: mL | AC98: 10 | AD98: none | AE98: PT3H | AP98: 0.45 | AS98: cellulose ester | AT98: Whatman | AY98: -18 | BF98: enzymatic | BG98: column-based | BH98: https://mbmg.pensoft.net/article/24556/ | BI98: Mu DNA | BJ98: https://mbmg.pensoft.net/article/24556/ | BK98: 0 | BQ98: 1 | BS98: 12S-V5
A99: 0805 | B99: sample | E99: =_xlfn.CONCAT(projectMetadata!$D$8,"_",sampleMetadata!A99) -> CROP_2024_0805 | F99: =LEFT(A99,9) -> 0805 | H99: CROP_08EB, CROP_08FB, NEG06, POS06 | J99: -0.81322506 | K99: 54.30521 | P99: United Kingdom, Cropton | Q99: 45520.552 | R99: PT2M | U99: freshwater wetland ecosystem [ENVO_00000243] | V99: shrub layer [ENVO:01000336] | W99: fresh water [ENVO:00002011] | X99: 0 | Y99: Water sample (2L bottle dippled into small stream in 3 distinct areas within 3m of the point) | Z99: water bottle | AA99: 2000 | AB99: mL | AC99: 10 | AD99: none | AE99: PT3H | AP99: 0.45 | AS99: cellulose ester | AT99: Whatman | AY99: -18 | BF99: enzymatic | BG99: column-based | BH99: https://mbmg.pensoft.net/article/24556/ | BI99: Mu DNA | BJ99: https://mbmg.pensoft.net/article/24556/ | BK99: 0 | BQ99: 1 | BS99: 12S-V5
A100: 0806 | B100: sample | E100: =_xlfn.CONCAT(projectMetadata!$D$8,"_",sampleMetadata!A100) -> CROP_2024_0806 | F100: =LEFT(A100,9) -> 0806 | H100: CROP_08EB, CROP_08FB, NEG06, POS06 | J100: -0.81573976 | K100: 54.304996 | P100: United Kingdom, Cropton | Q100: 45520.545 | R100: PT2M | U100: freshwater wetland ecosystem [ENVO_00000243] | V100: shrub layer [ENVO:01000336] | W100: fresh water [ENVO:00002011] | X100: 0 | Y100: Water sample (2L bottle dippled into small stream in 3 distinct areas within 3m of the point) | Z100: water bottle | AA100: 2000 | AB100: mL | AC100: 10 | AD100: none | AE100: PT3H | AP100: 0.45 | AS100: cellulose ester | AT100: Whatman | AY100: -18 | BF100: enzymatic | BG100: column-based | BH100: https://mbmg.pensoft.net/article/24556/ | BI100: Mu DNA | BJ100: https://mbmg.pensoft.net/article/24556/ | BK100: 0 | BQ100: 1 | BS100: 12S-V5
A101: 0807 | B101: sample | E101: =_xlfn.CONCAT(projectMetadata!$D$8,"_",sampleMetadata!A101) -> CROP_2024_0807 | F101: =LEFT(A101,9) -> 0807 | H101: CROP_08EB, CROP_08FB, NEG06, POS06 | J101: -0.81746413 | K101: 54.304684 | P101: United Kingdom, Cropton | Q101: 45520.535 | R101: PT2M | U101: freshwater wetland ecosystem [ENVO_00000243] | V101: shrub layer [ENVO:01000336] | W101: fresh water [ENVO:00002011] | X101: 0 | Y101: Water sample (2L bottle dippled into small stream in 3 distinct areas within 3m of the point) | Z101: water bottle | AA101: 2000 | AB101: mL | AC101: 10 | AD101: none | AE101: PT3H | AP101: 0.45 | AS101: cellulose ester | AT101: Whatman | AY101: -18 | BF101: enzymatic | BG101: column-based | BH101: https://mbmg.pensoft.net/article/24556/ | BI101: Mu DNA | BJ101: https://mbmg.pensoft.net/article/24556/ | BK101: 0 | BQ101: 1 | BS101: 12S-V5
...

Sheet ampData
A1: # requirement_level_code | B1: M | C1: M | D1: M | E1: M | F1: O | G1: R | H1: R | I1: R | J1: R | K1: R
A2: # section | B2: PCR | C2: PCR | D2: PCR | E2: Targeted assay detection | F2: Targeted assay detection | G2: Targeted assay detection | H2: Targeted assay detection | I2: Targeted assay detection | J2: Targeted assay detection | K2: Targeted assay detection
A3: samp_name | B3: technical_rep_id | C3: assay_name | D3: pcr_plate_id | E3: quantificationCycle | F3: rfu | G3: estimatedNumberOfCopies_method | H3: estimatedNumberOfCopies | I3: estimatedNumberOfCopies_unit | J3: estimatedNumberOfCopies_error | K3: estimatedNumberOfCopies_error_type
A4: 0101 | B4: 1 | C4: 12S-V5
A5: 0102 | B5: 1 | C5: 12S-V5
A6: 0103 | B6: 1 | C6: 12S-V5
A7: 0104 | B7: 1 | C7: 12S-V5
A8: 0105 | B8: 1 | C8: 12S-V5
A9: 0106 | B9: 1 | C9: 12S-V5
A10: 0107 | B10: 1 | C10: 12S-V5
A11: 0108 | B11: 1 | C11: 12S-V5
A12: 0109 | B12: 1 | C12: 12S-V5
A13: 0110 | B13: 1 | C13: 12S-V5
A14: 01EB | B14: 1 | C14: 12S-V5
A15: 01FB | B15: 1 | C15: 12S-V5
... A192: POS10 | B192: 1 | C192: 12S-V5

Sheet stdData
A1: # requirement_level_code | B1: M | C1: M | D1: M | E1: M | F1: M | G1: M | H1: O | I1: HR | J1: HR | K1: R | L1: R
A2: # section | B2: PCR | C2: PCR | D2: PCR | E2: Targeted assay detection | F2: Targeted assay detection | G2: Targeted assay detection | H2: Targeted assay detection | I2: Targeted assay detection | J2: Targeted assay detection | K2: Targeted assay detection | L2: Targeted assay detection
A3: samp_name | B3: technical_rep_id | C3: assay_name | D3: pcr_plate_id | E3: std_conc | F3: std_conc_unit | G3: quantificationCycle | H3: rfu | I3: efficiency | J3: r2 | K3: slope | L3: intercept
A4: 0101 | B4: 1 | C4: 12S-V5
A5: 0102 | B5: 1 | C5: 12S-V5
A6: 0103 | B6: 1 | C6: 12S-V5
A7: 0104 | B7: 1 | C7: 12S-V5
A8: 0105 | B8: 1 | C8: 12S-V5
A9: 0106 | B9: 1 | C9: 12S-V5
A10: 0107 | B10: 1 | C10: 12S-V5
A11: 0108 | B11: 1 | C11: 12S-V5
A12: 0109 | B12: 1 | C12: 12S-V5
A13: 0110 | B13: 1 | C13: 12S-V5
A14: 01EB | B14: 1 | C14: 12S-V5
A15: 01FB | B15: 1 | C15: 12S-V5
... A192: POS10 | B192: 1 | C192: 12S-V5

Sheet eLowQuantData
A1: # requirement_level_code | B1: HR | C1: R | D1: R | E1: R | F1: R
A2: # section | B2: Targeted assay detection | C2: Targeted assay detection | D2: Targeted assay detection | E2: Targeted assay detection | F2: Targeted assay detection
A3: assay_name | B3: num_detect | C3: estimatedNumberOfCopies | D3: estimatedNumberOfCopies_unit | E3: estimatedNumberOfCopies_error | F3: estimatedNumberOfCopies_error_type

Sheet experimentRunMetadata
A1: # requirement_level_code | B1: M | C1: M | D1: M | E1: M | F1: R | G1: R | H1: R | I1: R | J1: O | K1: O | L1: R | M1: R | N1: R | O1: R | P1: R | Q1: R | R1: R | S1: R | T1: R
A2: # section | B2: PCR | C2: PCR | D2: Library preparation sequencing | E2: Library preparation sequencing | F2: Library preparation sequencing | G2: Library preparation sequencing | H2: Library preparation sequencing | I2: Library preparation sequencing | J2: Library preparation sequencing | K2: Library preparation sequencing | L2: Library preparation sequencing | M2: Library preparation sequencing | N2: Library preparation sequencing | O2: Library preparation sequencing | P2: Library preparation sequencing | Q2: Bioinformatics | R2: Bioinformatics | S2: Bioinformatics | T2: Bioinformatics
A3: samp_name | B3: assay_name | C3: pcr_plate_id | D3: lib_id | E3: seq_run_id | F3: lib_conc | G3: lib_conc_unit | H3: lib_conc_meth | I3: phix_perc | J3: mid_forward | K3: mid_reverse | L3: filename | M3: filename2 | N3: checksum_filename | O3: checksum_filename2 | P3: associatedSequences | Q3: input_read_count | R3: output_read_count | S3: output_otu_num | T3: otu_num_tax_assigned
A4: 0101 | B4: 12S-V5 | D4: Lib1 | E4: run18092024 | F4: 4 | G4: nM | H4: Qubit 3.0 Fluorometer | I4: 10 | L4: CROP_0101.R1.fastq.gz | M4: CROP_0101.R2.fastq.gz | R4: 25188 | T4: 23
A5: 0102 | B5: 12S-V5 | D5: Lib1 | E5: run18092024 | F5: 4 | G5: nM | H5: Qubit 3.0 Fluorometer | I5: 10 | L5: CROP_0102.R1.fastq.gz | M5: CROP_0102.R2.fastq.gz | R5: 26540 | T5: 24
A6: 0103 | B6: 12S-V5 | D6: Lib1 | E6: run18092024 | F6: 4 | G6: nM | H6: Qubit 3.0 Fluorometer | I6: 10 | L6: CROP_0103.R1.fastq.gz | M6: CROP_0103.R2.fastq.gz | R6: 13083 | T6: 17
A7: 0104 | B7: 12S-V5 | D7: Lib1 | E7: run18092024 | F7: 4 | G7: nM | H7: Qubit 3.0 Fluorometer | I7: 10 | L7: CROP_0104.R1.fastq.gz | M7: CROP_0104.R2.fastq.gz | R7: 29446 | T7: 22
A8: 0105 | B8: 12S-V5 | D8: Lib1 | E8: run18092024 | F8: 4 | G8: nM | H8: Qubit 3.0 Fluorometer | I8: 10 | L8: CROP_0105.R1.fastq.gz | M8: CROP_0105.R2.fastq.gz | R8: 33286 | T8: 25
A9: 0106 | B9: 12S-V5 | D9: Lib1 | E9: run18092024 | F9: 4 | G9: nM | H9: Qubit 3.0 Fluorometer | I9: 10 | L9: CROP_0106.R1.fastq.gz | M9: CROP_0106.R2.fastq.gz | R9: 28460 | T9: 25
A10: 0107 | B10: 12S-V5 | D10: Lib1 | E10: run18092024 | F10: 4 | G10: nM | H10: Qubit 3.0 Fluorometer | I10: 10 | L10: CROP_0107.R1.fastq.gz | M10: CROP_0107.R2.fastq.gz | R10: 27482 | T10: 20
A11: 0108 | B11: 12S-V5 | D11: Lib1 | E11: run18092024 | F11: 4 | G11: nM | H11: Qubit 3.0 Fluorometer | I11: 10 | L11: CROP_0108.R1.fastq.gz | M11: CROP_0108.R2.fastq.gz | R11: 27885 | T11: 20
A12: 0109 | B12: 12S-V5 | D12: Lib1 | E12: run18092024 | F12: 4 | G12: nM | H12: Qubit 3.0 Fluorometer | I12: 10 | L12: CROP_0109.R1.fastq.gz | M12: CROP_0109.R2.fastq.gz | R12: 42599 | T12: 20
A13: 0110 | B13: 12S-V5 | D13: Lib1 | E13: run18092024 | F13: 4 | G13: nM | H13: Qubit 3.0 Fluorometer | I13: 10 | L13: CROP_0110.R1.fastq.gz | M13: CROP_0110.R2.fastq.gz | R13: 39713 | T13: 21
A14: 01EB | B14: 12S-V5 | D14: Lib1 | E14: run18092024 | F14: 4 | G14: nM | H14: Qubit 3.0 Fluorometer | I14: 10 | L14: CROP_01EB.R1.fastq.gz | M14: CROP_01EB.R2.fastq.gz | R14: 5862 | T14: 3
A15: 01FB | B15: 12S-V5 | D15: Lib1 | E15: run18092024 | F15: 4 | G15: nM | H15: Qubit 3.0 Fluorometer | I15: 10 | L15: CROP_01FB.R1.fastq.gz | M15: CROP_01FB.R2.fastq.gz | R15: 6 | T15: 1
... A192: POS10 | B192: 12S-V5 | D192: Lib11 | E192: run18092024 | F192: 4 | G192: nM | H192: Qubit 3.0 Fluorometer | I192: 10 | L192: CROP_POS10.R1.fastq.gz | M192: CROP_POS10.R2.fastq.gz | R192: 34146 | T192: 7

Sheet taxaRaw
A1: # requirement_level_code | B1: M | C1: R | D1: R | E1: R | F1: R | G1: R | H1: R | I1: R | J1: HR | K1: R | L1: HR | M1: HR | N1: HR | O1: O | P1: R | Q1: R | R1: R | S1: R | T1: R | U1: O
A2: # section | B2: OTU/ASV | C2: OTU/ASV | D2: OTU/ASV | E2: OTU/ASV | F2: OTU/ASV | G2: OTU/ASV | H2: OTU/ASV | I2: OTU/ASV | J2: OTU/ASV | K2: OTU/ASV | L2: OTU/ASV | M2: OTU/ASV | N2: OTU/ASV | O2: OTU/ASV | P2: OTU/ASV | Q2: OTU/ASV | R2: OTU/ASV | S2: OTU/ASV | T2: OTU/ASV | U2: OTU/ASV
A3: seq_id | B3: dna_sequence | C3: kingdom | D3: phylum | E3: class | F3: order | G3: family | H3: genus | I3: specificEpithet | J3: scientificName | K3: scientificNameAuthorship | L3: taxonRank | M3: taxonID | N3: taxonID_db | O3: verbatimIdentification | P3: accession_id | Q3: accession_id_ref_db | R3: percent_match | S3: percent_query_cover | T3: confidence_score | U3: identificationRemarks

Sheet taxaFinal
A1: # requirement_level_code | B1: M | C1: R | D1: R | E1: R | F1: R | G1: R | H1: R | I1: R | J1: HR | K1: R | L1: HR | M1: HR | N1: HR | O1: O | P1: R | Q1: R | R1: R | S1: R | T1: R | U1: O
A2: # section | B2: OTU/ASV | C2: OTU/ASV | D2: OTU/ASV | E2: OTU/ASV | F2: OTU/ASV | G2: OTU/ASV | H2: OTU/ASV | I2: OTU/ASV | J2: OTU/ASV | K2: OTU/ASV | L2: OTU/ASV | M2: OTU/ASV | N2: OTU/ASV | O2: OTU/ASV | P2: OTU/ASV | Q2: OTU/ASV | R2: OTU/ASV | S2: OTU/ASV | T2: OTU/ASV | U2: OTU/ASV
A3: seq_id | B3: dna_sequence | C3: kingdom | D3: phylum | E3: class | F3: order | G3: family | H3: genus | I3: specificEpithet | J3: scientificName | K3: scientificNameAuthorship | L3: taxonRank | M3: taxonID | N3: taxonID_db | O3: verbatimIdentification | P3: accession_id | Q3: accession_id_ref_db | R3: percent_match | S3: percent_query_cover | T3: confidence_score | U3: identificationRemarks
